<aetgt:getResponse xmlns:aetgt="http://schemas.active-endpoints.com/appmodules/repository/2010/10/avrepository.xsd"
                   xmlns:types1="http://schemas.active-endpoints.com/appmodules/repository/2010/10/avrepository.xsd">
   <types1:Item>
      <types1:EntryId>ohw6xqPVEQrXhNU-gt-23953-2018-08-13T18:27:57.226Z::pd.xml</types1:EntryId>
      <types1:Name>Print_Hello_World</types1:Name>
      <types1:MimeType>application/xml+process</types1:MimeType>
      <types1:Description>Accepts an HTTP request, sets a static payload on the message, and then returns a response.</types1:Description>
      <types1:AppliesTo/>
      <types1:Tags>.anonymous</types1:Tags>
      <types1:VersionLabel>1.0</types1:VersionLabel>
      <types1:State>CURRENT</types1:State>
      <types1:ProcessGroup/>
      <types1:CreatedBy>hanselm@google.com</types1:CreatedBy>
      <types1:CreationDate>2018-08-13T18:27:57Z</types1:CreationDate>
      <types1:ModifiedBy/>
      <types1:PublicationStatus>published</types1:PublicationStatus>
      <types1:PublishedBy>hanselm@google.com</types1:PublishedBy>
      <types1:PublicationDate>2018-08-13T18:28:24Z</types1:PublicationDate>
      <types1:PublishedContributionId>project:/spi.Print_Hello_World/Print_Hello_World.pd.xml</types1:PublishedContributionId>
      <types1:AutosaveExists>false</types1:AutosaveExists>
      <types1:Entry>
         <process xmlns="http://schemas.active-endpoints.com/appmodules/screenflow/2010/10/avosScreenflow.xsd"
                  xmlns:list="urn:activevos:spi:list:functions"
                  displayName="Print Hello World"
                  name="Print_Hello_World">
            <appliesTo/>
            <description>Accepts an HTTP request, sets a static payload on the message, and then returns a response.</description>
            <tags>.anonymous</tags>
            <generator>Informatica Process Designer 9</generator>
            <output>
               <field description="" name="Message" type="string">
                  <options>
                     <option name="required">false</option>
                  </options>
               </field>
            </output>
            <notes/>
            <deployment suspendOnFault="false" tracingLevel="none">
               <rest>
                  <allowAnonymousAccess/>
               </rest>
            </deployment>
            <flow id="a">
               <start id="b">
                  <link id="jkslskzj" targetId="jkslskzi"/>
               </start>
               <assignment id="jkslskzi">
                  <title>Set Output Message</title>
                  <operation source="constant" to="output.Message">Hello World</operation>
                  <link id="jkslskzk" targetId="c"/>
               </assignment>
               <end id="c"/>
            </flow>
         </process>
      </types1:Entry>
      <types1:GUID>46e4G5PlRAoi6Di0JyyZGc</types1:GUID>
      <types1:DisplayName>Print Hello World</types1:DisplayName>
   </types1:Item>
   <types1:CurrentServerDateTime>2018-10-19T00:14:10.944Z</types1:CurrentServerDateTime>
</aetgt:getResponse>
