<aetgt:getResponse xmlns:aetgt="http://schemas.active-endpoints.com/appmodules/repository/2010/10/avrepository.xsd"
                   xmlns:types1="http://schemas.active-endpoints.com/appmodules/repository/2010/10/avrepository.xsd">
   <types1:Item>
      <types1:EntryId>LzTm8lnCmp6oIuQ-gt-35948-2018-08-13T19:47:44.603Z::pd.xml</types1:EntryId>
      <types1:Name>Print_Input_Message</types1:Name>
      <types1:MimeType>application/xml+process</types1:MimeType>
      <types1:Description>Accepts an HTTP request with an input message and then returns the input message as the payload</types1:Description>
      <types1:AppliesTo/>
      <types1:Tags>.anonymous</types1:Tags>
      <types1:VersionLabel>1.0</types1:VersionLabel>
      <types1:State>CURRENT</types1:State>
      <types1:ProcessGroup/>
      <types1:CreatedBy>hanselm@google.com</types1:CreatedBy>
      <types1:CreationDate>2018-08-13T19:47:45Z</types1:CreationDate>
      <types1:ModifiedBy/>
      <types1:PublicationStatus>published</types1:PublicationStatus>
      <types1:PublishedBy>hanselm@google.com</types1:PublishedBy>
      <types1:PublicationDate>2018-08-13T19:48:41Z</types1:PublicationDate>
      <types1:PublishedContributionId>project:/spi.Print_Input_Message/Print_Input_Message.pd.xml</types1:PublishedContributionId>
      <types1:AutosaveExists>false</types1:AutosaveExists>
      <types1:Entry>
         <process xmlns="http://schemas.active-endpoints.com/appmodules/screenflow/2010/10/avosScreenflow.xsd"
                  xmlns:list="urn:activevos:spi:list:functions"
                  displayName="Print Input Message"
                  name="Print_Input_Message">
            <appliesTo/>
            <description>Accepts an HTTP request with an input message and then returns the input message as the payload</description>
            <tags>.anonymous</tags>
            <generator>Informatica Process Designer 9</generator>
            <input>
               <parameter description="" name="Input" type="string">
                  <options>
                     <option name="required">false</option>
                  </options>
               </parameter>
            </input>
            <output>
               <field description="" name="Output" type="string">
                  <options>
                     <option name="required">false</option>
                  </options>
               </field>
            </output>
            <notes/>
            <deployment suspendOnFault="false" tracingLevel="none">
               <rest>
                  <allowAnonymousAccess/>
               </rest>
            </deployment>
            <flow id="a">
               <start id="b">
                  <link id="jksoq096" targetId="jksoq095"/>
               </start>
               <assignment id="jksoq095">
                  <title>Configure Output</title>
                  <operation source="field" to="output.Output">input.Input</operation>
                  <link id="jksoq097" targetId="c"/>
               </assignment>
               <end id="c"/>
            </flow>
         </process>
      </types1:Entry>
      <types1:GUID>8tAXF25oB38iqeTgmeWeI6</types1:GUID>
      <types1:DisplayName>Print Input Message</types1:DisplayName>
   </types1:Item>
   <types1:CurrentServerDateTime>2018-10-19T00:14:10.953Z</types1:CurrentServerDateTime>
</aetgt:getResponse>
