<aetgt:getResponse xmlns:aetgt="http://schemas.active-endpoints.com/appmodules/repository/2010/10/avrepository.xsd"
                   xmlns:types1="http://schemas.active-endpoints.com/appmodules/repository/2010/10/avrepository.xsd">
   <types1:Item>
      <types1:EntryId>INDINciZBpDUQbg-gt-87705-2018-08-09T19:53:20.553Z::svc.xml</types1:EntryId>
      <types1:Name>Get_Margin_Detail</types1:Name>
      <types1:ParentFlowIds>cjAXhNUdyOoMdtl-gt-25207-2018-08-09T19:53:21.039Z::conn.xml</types1:ParentFlowIds>
      <types1:MimeType>application/xml+businesssconnector</types1:MimeType>
      <types1:Description/>
      <types1:AppliesTo/>
      <types1:Tags/>
      <types1:VersionLabel>1.0</types1:VersionLabel>
      <types1:State>CURRENT</types1:State>
      <types1:ProcessGroup/>
      <types1:CreatedBy>ewidjaja</types1:CreatedBy>
      <types1:CreationDate>2018-08-09T19:53:21Z</types1:CreationDate>
      <types1:ModifiedBy/>
      <types1:PublicationStatus>published</types1:PublicationStatus>
      <types1:PublishedBy>ewidjaja</types1:PublishedBy>
      <types1:PublicationDate>2018-08-09T19:55:10Z</types1:PublicationDate>
      <types1:PublishedContributionId>project:/rt.connector/Get_Margin_Detail/Get_Margin_Detail_svcDef.xml</types1:PublishedContributionId>
      <types1:AutosaveExists>false</types1:AutosaveExists>
      <types1:Entry>
         <businessConnector xmlns="http://schemas.informatica.com/socrates/data-services/2014/05/business-connector-model.xsd"
                            agentOnly="false"
                            debug="false"
                            displayName="Get Margin Detail"
                            label=""
                            name="Get_Margin_Detail"
                            uuid="9f7758d1-0621-4d6b-bea2-e1201169cc54">
            <description/>
            <tags/>
            <connectionAttributes xmlns="http://schemas.informatica.com/appmodules/screenflow/2014/04/avosConnectors.xsd">
               <connectionAttribute description="Host Name"
                                    masked="false"
                                    name="hostName"
                                    required="true"
                                    testWith="na1.ai.dm-us.informaticacloud.com:443"
                                    type="string"/>
               <connectionAttribute description="User Name"
                                    masked="false"
                                    name="username"
                                    required="true"
                                    testWith="testuser2"
                                    type="string"/>
               <connectionAttribute description="Password"
                                    masked="true"
                                    name="password"
                                    required="true"
                                    testWith=""
                                    type="string"/>
            </connectionAttributes>
            <actions>
               <action category=""
                       failOnError="true"
                       forSearch="false"
                       label="Calculate_Margin_ServiceOperation"
                       maxRedirects="100"
                       name="Calculate_Margin_ServiceOperation"
                       preemptiveAuth="true"
                       responseEncoding="">
                  <description>This mock service calculates margin for a particular order. For a particular item, this service will provide details on company margin, sales margin and margin per unit.</description>
                  <input>
                     <parameter label="body"
                                name="body"
                                nogen="true"
                                required="true"
                                testWith="{ &#xA;&#34;ItemSellingPrice&#34;: &#34;0&#34;, &#xA;&#34;ItemCount&#34;: &#34;&#34;, &#xA;&#34;ItemCostPrice&#34;: 50, &#xA;&#34;SalesCommissionInPercentage&#34;: 10 &#xA;}"
                                type="reference">
                        <options>
                           <option name="referenceTo">Calculate_Margin_ServiceRequest</option>
                        </options>
                     </parameter>
                  </input>
                  <binding>
                     <restSimpleBinding multiUsing="semicolonSeparated"
                                        url="https://{$hostName}/active-bpel/rt/Calculate_Margin_Service"
                                        verb="POST">
                        <authentication>
                           <username>{$username}</username>
                           <password>{$password}</password>
                           <isExpressionInPassword>true</isExpressionInPassword>
                        </authentication>
                        <httpHeaders>
                           <header name="Content-Type">application/json</header>
                           <header name="Accept">application/json</header>
                        </httpHeaders>
                        <body>{{
 "ItemSellingPrice": {if (fn:boolean($body/ItemSellingPrice/text())) then $body/ItemSellingPrice/text() else '0'}, 
 "ItemCount": {if (fn:boolean($body/ItemCount/text())) then $body/ItemCount/text() else '0'}, 
 "ItemCostPrice": {if (fn:boolean($body/ItemCostPrice/text())) then $body/ItemCostPrice/text() else '0'}, 
 "SalesCommissionInPercentage": {if (fn:boolean($body/SalesCommissionInPercentage/text())) then $body/SalesCommissionInPercentage/text() else '0'}
 }}</body>
                     </restSimpleBinding>
                  </binding>
                  <output>
                     <field description="Successful response"
                            entireResponse="true"
                            name="Calculate_Margin_ServiceResponse"
                            type="reference">
                        <options>
                           <option name="referenceTo">Calculate_Margin_ServiceResponse</option>
                        </options>
                     </field>
                  </output>
               </action>
            </actions>
            <objects>
               <processObject xmlns="http://schemas.active-endpoints.com/appmodules/screenflow/2011/06/avosHostEnvironment.xsd"
                              isByCopy="true"
                              name="Calculate_Margin_ServiceRequest">
                  <description/>
                  <detail>
                     <field name="ItemSellingPrice" type="double"/>
                     <field name="ItemCount" type="int"/>
                     <field name="ItemCostPrice" type="double"/>
                     <field name="SalesCommissionInPercentage" type="int"/>
                  </detail>
               </processObject>
               <processObject xmlns="http://schemas.active-endpoints.com/appmodules/screenflow/2011/06/avosHostEnvironment.xsd"
                              isByCopy="true"
                              name="Calculate_Margin_ServiceResponse">
                  <description/>
                  <detail>
                     <field name="MarginPerUnit" type="double"/>
                     <field name="MarginAfterCommission" type="double"/>
                     <field name="MarginBeforeCommission" type="double"/>
                     <field name="SalesCommission" type="double"/>
                  </detail>
               </processObject>
               <processObject xmlns="http://schemas.active-endpoints.com/appmodules/screenflow/2011/06/avosHostEnvironment.xsd"
                              isByCopy="true"
                              name="string">
                  <description/>
                  <detail>
                     <field name="string" type="string"/>
                  </detail>
               </processObject>
               <processObject xmlns="http://schemas.active-endpoints.com/appmodules/screenflow/2011/06/avosHostEnvironment.xsd"
                              isByCopy="true"
                              name="boolean">
                  <description/>
                  <detail>
                     <field name="boolean" type="boolean"/>
                  </detail>
               </processObject>
               <processObject xmlns="http://schemas.active-endpoints.com/appmodules/screenflow/2011/06/avosHostEnvironment.xsd"
                              isByCopy="true"
                              name="double">
                  <description/>
                  <detail>
                     <field name="double" type="double"/>
                  </detail>
               </processObject>
               <processObject xmlns="http://schemas.active-endpoints.com/appmodules/screenflow/2011/06/avosHostEnvironment.xsd"
                              isByCopy="true"
                              name="integer">
                  <description/>
                  <detail>
                     <field name="integer" type="int"/>
                  </detail>
               </processObject>
            </objects>
         </businessConnector>
      </types1:Entry>
      <types1:GUID>jMzCnkJcMatf1TRkWfldi0</types1:GUID>
      <types1:DisplayName>Get Margin Detail</types1:DisplayName>
   </types1:Item>
   <types1:CurrentServerDateTime>2018-10-19T00:13:16.663Z</types1:CurrentServerDateTime>
</aetgt:getResponse>
