<aetgt:getResponse xmlns:aetgt="http://schemas.active-endpoints.com/appmodules/repository/2010/10/avrepository.xsd"
                   xmlns:types1="http://schemas.active-endpoints.com/appmodules/repository/2010/10/avrepository.xsd">
   <types1:Item>
      <types1:EntryId>q0mdz9Iqy3eHRi9-gt-82678-2018-08-09T19:53:21.264Z::conn.xml</types1:EntryId>
      <types1:Name>Get-Inventory-Detail</types1:Name>
      <types1:MimeType>application/xml+connection</types1:MimeType>
      <types1:Description/>
      <types1:AppliesTo/>
      <types1:Tags/>
      <types1:VersionLabel>1.0</types1:VersionLabel>
      <types1:State>CURRENT</types1:State>
      <types1:ProcessGroup/>
      <types1:CreatedBy>ewidjaja</types1:CreatedBy>
      <types1:CreationDate>2018-08-09T19:53:21Z</types1:CreationDate>
      <types1:ModifiedBy/>
      <types1:PublicationStatus>published</types1:PublicationStatus>
      <types1:PublishedBy>ewidjaja</types1:PublishedBy>
      <types1:PublicationDate>2018-08-09T19:55:14Z</types1:PublicationDate>
      <types1:PublishedContributionId>project:/rt.connection/Get-Inventory-Detail/Get-Inventory-Detail.conn.xml</types1:PublishedContributionId>
      <types1:AutosaveExists>false</types1:AutosaveExists>
      <types1:Entry>
         <connection xmlns="http://schemas.informatica.com/socrates/data-services/2014/04/avosConnections.xsd"
                     displayName="Get-Inventory-Detail"
                     label="Get-Inventory-Detail"
                     name="Get-Inventory-Detail">
            <description/>
            <tags/>
            <agent/>
            <attributes/>
            <businessConnector xmlns="http://schemas.informatica.com/appmodules/screenflow/2014/04/avosConnectors.xsd"
                               agentOnly="false"
                               connectorPath="project:/rt.connector/Get_Inventory_Detail/Get_Inventory_Detail_svcDef.xml"
                               guid="9nbHuojILuoiCWczaTkHqD"
                               name="Get_Inventory_Detail"
                               supportsConnectionTest="false"
                               uuid="95147721-a125-409e-9cd4-43b7dd92f804">
               <description>Connector to interact with InventoryService</description>
            </businessConnector>
         </connection>
      </types1:Entry>
      <types1:GUID>a8kXHGUl9jPkXlDmRV9VoI</types1:GUID>
      <types1:DisplayName>Get-Inventory-Detail</types1:DisplayName>
   </types1:Item>
   <types1:CurrentServerDateTime>2018-10-19T00:13:16.842Z</types1:CurrentServerDateTime>
</aetgt:getResponse>
