<aetgt:getResponse xmlns:aetgt="http://schemas.active-endpoints.com/appmodules/repository/2010/10/avrepository.xsd"
                   xmlns:types1="http://schemas.active-endpoints.com/appmodules/repository/2010/10/avrepository.xsd">
   <types1:Item>
      <types1:EntryId>cjAXhNUdyOoMdtl-gt-25207-2018-08-09T19:53:21.039Z::conn.xml</types1:EntryId>
      <types1:Name>Get-Margin-Detail</types1:Name>
      <types1:ParentFlowIds>YwDxomUhGdwOLIF-gt-87737-2018-08-09T19:53:21.808Z::pd.xml</types1:ParentFlowIds>
      <types1:MimeType>application/xml+connection</types1:MimeType>
      <types1:Description/>
      <types1:AppliesTo/>
      <types1:Tags/>
      <types1:VersionLabel>1.0</types1:VersionLabel>
      <types1:State>CURRENT</types1:State>
      <types1:ProcessGroup/>
      <types1:CreatedBy>ewidjaja</types1:CreatedBy>
      <types1:CreationDate>2018-08-09T19:53:21Z</types1:CreationDate>
      <types1:ModifiedBy>ewidjaja</types1:ModifiedBy>
      <types1:ModificationDate>2018-08-09T19:55:24Z</types1:ModificationDate>
      <types1:PublicationStatus>published</types1:PublicationStatus>
      <types1:PublishedBy>ewidjaja</types1:PublishedBy>
      <types1:PublicationDate>2018-08-09T19:55:28Z</types1:PublicationDate>
      <types1:PublishedContributionId>project:/rt.connection/Get-Margin-Detail/Get-Margin-Detail.conn.xml</types1:PublishedContributionId>
      <types1:AutosaveExists>false</types1:AutosaveExists>
      <types1:Entry>
         <connection xmlns="http://schemas.informatica.com/socrates/data-services/2014/04/avosConnections.xsd"
                     displayName="Get-Margin-Detail"
                     label="Get-Margin-Detail"
                     name="Get-Margin-Detail">
            <description/>
            <tags/>
            <agent/>
            <attributes>
               <attribute encrypted="false"
                          name="hostName"
                          value="na1.ai.dm-us.informaticacloud.com:443"/>
               <attribute encrypted="false" name="username" value="testuser2"/>
               <attribute encrypted="true" name="password" value=""/>
            </attributes>
            <businessConnector xmlns="http://schemas.informatica.com/appmodules/screenflow/2014/04/avosConnectors.xsd"
                               agentOnly="false"
                               connectorPath="project:/rt.connector/Get_Margin_Detail/Get_Margin_Detail_svcDef.xml"
                               name="Get_Margin_Detail"
                               supportsConnectionTest="false"
                               uuid="9f7758d1-0621-4d6b-bea2-e1201169cc54">
               <description/>
            </businessConnector>
         </connection>
      </types1:Entry>
      <types1:GUID>2ATjjum3hlcc5nXzQAPkUT</types1:GUID>
      <types1:DisplayName>Get-Margin-Detail</types1:DisplayName>
   </types1:Item>
   <types1:CurrentServerDateTime>2018-10-19T00:13:16.687Z</types1:CurrentServerDateTime>
</aetgt:getResponse>
