<aetgt:getResponse xmlns:aetgt="http://schemas.active-endpoints.com/appmodules/repository/2010/10/avrepository.xsd"
                   xmlns:types1="http://schemas.active-endpoints.com/appmodules/repository/2010/10/avrepository.xsd">
   <types1:Item>
      <types1:EntryId>3hGKcn8dzWztZK0-gt-280930-2018-09-25T20:21:25.878Z::pd.xml</types1:EntryId>
      <types1:Name>FetchLeads</types1:Name>
      <types1:MimeType>application/xml+process</types1:MimeType>
      <types1:Description/>
      <types1:AppliesTo/>
      <types1:Tags>.anonymous</types1:Tags>
      <types1:VersionLabel>1.0</types1:VersionLabel>
      <types1:State>CURRENT</types1:State>
      <types1:ProcessGroup/>
      <types1:CreatedBy>ewidjaja</types1:CreatedBy>
      <types1:CreationDate>2018-09-25T20:21:26Z</types1:CreationDate>
      <types1:ModifiedBy>ewidjaja</types1:ModifiedBy>
      <types1:ModificationDate>2018-09-25T20:29:11Z</types1:ModificationDate>
      <types1:PublicationStatus>published</types1:PublicationStatus>
      <types1:PublishedBy>ewidjaja</types1:PublishedBy>
      <types1:PublicationDate>2018-09-25T20:29:18Z</types1:PublicationDate>
      <types1:PublishedContributionId>project:/spi.FetchLeads/FetchLeads.pd.xml</types1:PublishedContributionId>
      <types1:AutosaveExists>false</types1:AutosaveExists>
      <types1:Entry>
         <process xmlns="http://schemas.active-endpoints.com/appmodules/screenflow/2010/10/avosScreenflow.xsd"
                  xmlns:list="urn:activevos:spi:list:functions"
                  displayName="FetchLeads"
                  name="FetchLeads">
            <appliesTo/>
            <description/>
            <tags>.anonymous</tags>
            <generator>Informatica Process Designer 9</generator>
            <output>
               <field description="" name="out_List" type="objectlist">
                  <options>
                     <option name="referenceTo">$po:Lead-ProcessObject</option>
                     <option hide="true" name="multiSelect">true</option>
                     <option name="required">false</option>
                     <option name="isCopy">true</option>
                     <option name="guid">4xabqzJkJZmggt3o3kCucG</option>
                  </options>
               </field>
            </output>
            <tempFields>
               <field description="" name="temp_Record" type="reference">
                  <options>
                     <option name="referenceTo">$po:Lead-ProcessObject</option>
                     <option name="required">false</option>
                     <option name="isCopy">true</option>
                     <option name="guid">4xabqzJkJZmggt3o3kCucG</option>
                  </options>
               </field>
               <field description="" name="temp_Lead_List" type="objectlist">
                  <options>
                     <option name="referenceTo">TestSFDCConnection:Lead</option>
                     <option hide="true" name="multiSelect">true</option>
                     <option name="required">false</option>
                     <option name="guid">8qzI5PpB62Qf5TP3v2xp6i</option>
                  </options>
               </field>
               <field description="" name="temp_Lead" type="reference">
                  <options>
                     <option name="referenceTo">TestSFDCConnection:Lead</option>
                     <option name="required">false</option>
                     <option name="guid">8qzI5PpB62Qf5TP3v2xp6i</option>
                  </options>
               </field>
            </tempFields>
            <notes/>
            <deployment suspendOnFault="false" tracingLevel="none">
               <rest>
                  <allowAnonymousAccess/>
               </rest>
            </deployment>
            <flow id="a">
               <start id="b">
                  <link id="jmi5x4tp" targetId="jmi5x4to"/>
               </start>
               <assignment id="jmi5x4to">
                  <title>Query Leads</title>
                  <operation source="list" to="temp.temp_Lead_List">
                     <query from="TestSFDCConnection:Lead"/>
                  </operation>
                  <link id="jmi5x4tx" targetId="jmi5x4tw"/>
               </assignment>
               <assignment id="jmi5x4tw">
                  <title>Assign First Last</title>
                  <operation source="formula" to="temp.temp_Lead">
                     <expression language="XQuery">list:head($temp.temp_Lead_List )</expression>
                  </operation>
                  <operation source="formula" to="temp.temp_Lead_List">
                     <expression language="XQuery">list:tail($temp.temp_Lead_List )</expression>
                  </operation>
                  <link id="jmi5x4u8" targetId="jmi5x4u7"/>
               </assignment>
               <assignment id="jmi5x4u7">
                  <title>Assign Field Values</title>
                  <operation source="formula" to="temp.temp_Record[1]/Lead_ID">
                     <expression language="XQuery">$temp.temp_Lead.Id </expression>
                  </operation>
                  <operation source="formula" to="temp.temp_Record[1]/Firstname">
                     <expression language="XQuery">$temp.temp_Lead.FirstName </expression>
                  </operation>
                  <operation source="formula" to="temp.temp_Record[1]/Lastname">
                     <expression language="XQuery">$temp.temp_Lead.LastName </expression>
                  </operation>
                  <operation source="formula" to="temp.temp_Record[1]/City">
                     <expression language="XQuery">$temp.temp_Lead.City</expression>
                  </operation>
                  <operation source="formula" to="temp.temp_Record[1]/Phone">
                     <expression language="XQuery">$temp.temp_Lead.Phone</expression>
                  </operation>
                  <link id="jmi5x4un" targetId="jmi5x4um"/>
               </assignment>
               <assignment id="jmi5x4um">
                  <title>Append to Output</title>
                  <operation source="formula" to="output.out_List">
                     <expression language="XQuery">list:append($output.out_List , $temp.temp_Record )</expression>
                  </operation>
                  <link id="jmi5x4uu" targetId="jmi5x4ut"/>
               </assignment>
               <container id="jmi5x4ut" type="exclusive">
                  <title>temp_Lead_List</title>
                  <flow id="jmi5x4ux">
                     <jumpTo id="jmi5x4vd">
                        <link id="jmi5x4ve" targetId="jmi5x4tw"/>
                     </jumpTo>
                  </flow>
                  <flow id="jmi5x4v0">
                     <end id="jmi5x4vl">
                        <title>End</title>
                     </end>
                  </flow>
                  <link id="jmi5x4uw" targetId="jmi5x4ux" type="containerLink">
                     <condition source="formula">
                        <function name="not-empty">
                           <arg name="field">{$temp.temp_Lead_List}</arg>
                        </function>
                     </condition>
                  </link>
                  <link id="jmi5x4uz" targetId="jmi5x4v0" type="containerLink">
                     <condition source="formula">
                        <function name="empty">
                           <arg name="field">{$temp.temp_Lead_List}</arg>
                        </function>
                     </condition>
                  </link>
               </container>
            </flow>
         </process>
      </types1:Entry>
      <types1:GUID>4L2Ot1lLIUSkVFg495wWED</types1:GUID>
      <types1:DisplayName>FetchLeads</types1:DisplayName>
   </types1:Item>
   <types1:CurrentServerDateTime>2018-10-19T00:12:49.814Z</types1:CurrentServerDateTime>
</aetgt:getResponse>
