<aetgt:getResponse xmlns:aetgt="http://schemas.active-endpoints.com/appmodules/repository/2010/10/avrepository.xsd"
                   xmlns:types1="http://schemas.active-endpoints.com/appmodules/repository/2010/10/avrepository.xsd">
   <types1:Item>
      <types1:EntryId>Uq0gbeCFk4AdypK-gt-263246-2018-08-13T20:34:07.974Z::po.xml</types1:EntryId>
      <types1:Name>Lead-ProcessObject</types1:Name>
      <types1:ParentFlowIds>3hGKcn8dzWztZK0-gt-280930-2018-09-25T20:21:25.878Z::pd.xml</types1:ParentFlowIds>
      <types1:MimeType>application/xml+processobject</types1:MimeType>
      <types1:Description/>
      <types1:AppliesTo/>
      <types1:Tags/>
      <types1:VersionLabel>1.0</types1:VersionLabel>
      <types1:State>CURRENT</types1:State>
      <types1:ProcessGroup/>
      <types1:CreatedBy>hanselm@google.com</types1:CreatedBy>
      <types1:CreationDate>2018-08-13T20:34:08Z</types1:CreationDate>
      <types1:ModifiedBy>ewidjaja</types1:ModifiedBy>
      <types1:ModificationDate>2018-09-25T20:09:50Z</types1:ModificationDate>
      <types1:PublicationStatus>unpublished</types1:PublicationStatus>
      <types1:AutosaveExists>false</types1:AutosaveExists>
      <types1:Entry>
         <processObject xmlns="http://schemas.active-endpoints.com/appmodules/screenflow/2011/06/avosHostEnvironment.xsd"
                        displayName="Lead-ProcessObject"
                        isByCopy="true"
                        name="Lead-ProcessObject">
            <description/>
            <tags/>
            <detail>
               <field label="Lead_ID" name="Lead_ID" type="string"/>
               <field label="Firstname" name="Firstname" type="string"/>
               <field label="Lastname" name="Lastname" type="string"/>
               <field label="City" name="City" type="string"/>
               <field label="Phone" name="Phone" type="string"/>
            </detail>
         </processObject>
      </types1:Entry>
      <types1:GUID>4xabqzJkJZmggt3o3kCucG</types1:GUID>
      <types1:DisplayName>Lead-ProcessObject</types1:DisplayName>
   </types1:Item>
   <types1:CurrentServerDateTime>2018-10-19T00:12:49.712Z</types1:CurrentServerDateTime>
</aetgt:getResponse>
