<aetgt:getResponse xmlns:aetgt="http://schemas.active-endpoints.com/appmodules/repository/2010/10/avrepository.xsd"
                   xmlns:types1="http://schemas.active-endpoints.com/appmodules/repository/2010/10/avrepository.xsd">
   <types1:Item>
      <types1:EntryId>fRxZsEi4tciSrZM-gt-263254-2018-08-13T20:34:08.008Z::conn.xml</types1:EntryId>
      <types1:Name>TestSFDCConnection</types1:Name>
      <types1:ParentFlowIds>3hGKcn8dzWztZK0-gt-280930-2018-09-25T20:21:25.878Z::pd.xml</types1:ParentFlowIds>
      <types1:MimeType>application/xml+connection</types1:MimeType>
      <types1:Description/>
      <types1:AppliesTo/>
      <types1:Tags/>
      <types1:VersionLabel>1.0</types1:VersionLabel>
      <types1:State>CURRENT</types1:State>
      <types1:ProcessGroup/>
      <types1:CreatedBy>hanselm@google.com</types1:CreatedBy>
      <types1:CreationDate>2018-08-13T20:34:08Z</types1:CreationDate>
      <types1:ModifiedBy>hanselm@google.com</types1:ModifiedBy>
      <types1:ModificationDate>2018-09-18T23:25:59Z</types1:ModificationDate>
      <types1:PublicationStatus>published</types1:PublicationStatus>
      <types1:PublishedBy>hanselm@google.com</types1:PublishedBy>
      <types1:PublicationDate>2018-09-18T23:44:44Z</types1:PublicationDate>
      <types1:PublishedContributionId>project:/rt.connection/TestSFDCConnection/TestSFDCConnection.conn.xml</types1:PublishedContributionId>
      <types1:AutosaveExists>false</types1:AutosaveExists>
      <types1:Entry>
         <connection xmlns="http://schemas.informatica.com/socrates/data-services/2014/04/avosConnections.xsd"
                     displayName="TestSFDCConnection"
                     label="TestSFDCConnection"
                     name="TestSFDCConnection">
            <description/>
            <tags/>
            <agent/>
            <attributes/>
            <soaConnector xmlns="http://schemas.informatica.com/appmodules/screenflow/2014/04/avosConnectors.xsd"
                          connectorPath="project:/com.activevos.cumulus.cloud.extend.playbook.configuration/config/sfConnector.xml"
                          name="Salesforce"
                          supportsConnectionTest="true"
                          supportsOData="true"
                          uuid="05fc48f1-e6e1-441b-b700-bac396ca2ed1">
               <description>Salesforce.com SOA based data connector.</description>
            </soaConnector>
            <authentication type="$infa_basicform">
               <attributes>
                  <attribute encrypted="false" name="username" value="hanselm+dev@google.com"/>
                  <attribute encrypted="true" name="password" value=""/>
                  <attribute encrypted="true" name="token" value=""/>
                  <attribute encrypted="false"
                             name="serviceUrl"
                             value="https://login.salesforce.com/services/Soap/c/40.0"/>
               </attributes>
            </authentication>
         </connection>
      </types1:Entry>
      <types1:GUID>8qzI5PpB62Qf5TP3v2xp6i</types1:GUID>
      <types1:DisplayName>TestSFDCConnection</types1:DisplayName>
   </types1:Item>
   <types1:CurrentServerDateTime>2018-10-19T00:12:49.697Z</types1:CurrentServerDateTime>
</aetgt:getResponse>
