{
  "name" : "Hello World-1539908046798",
  "sourceOrgId" : "15bbbYLtRcObRhlx9wUa0X",
  "sourceOrgName" : "Google Inc",
  "exportedObjects" : [ {
    "objectGuid" : "46e4G5PlRAoi6Di0JyyZGc",
    "objectName" : "Print Hello World",
    "objectType" : "PROCESS",
    "path" : "/Explore/Hello World/Hello World",
    "metadata" : {
      "modelVersion" : {
        "major" : 1,
        "minor" : 0
      },
      "repoInfo" : {
        "repoHandle" : "ohw6xqPVEQrXhNU-gt-23953-2018-08-13T18:27:57.226Z::pd.xml"
      },
      "objectRefs" : [ ],
      "contextAttributes" : null,
      "additionalInfo" : {
        "description" : "Accepts an HTTP request, sets a static payload on the message, and then returns a response.",
        "contentType" : "application/json; charset=utf-8",
        "documentState" : "VALID"
      }
    }
  }, {
    "objectGuid" : "79Hf2BWRgOfi69yC1RI0oy",
    "objectName" : "Hello World",
    "objectType" : "Folder",
    "path" : "/Explore/Hello World",
    "metadata" : {
      "modelVersion" : {
        "major" : 0,
        "minor" : 0
      },
      "repoInfo" : null,
      "objectRefs" : [ ],
      "contextAttributes" : [ ],
      "additionalInfo" : {
        "description" : "",
        "contentType" : "Binary",
        "documentState" : "COMPLETE"
      }
    }
  }, {
    "objectGuid" : "ePDfFwHcIkDlCNPiMdqdEq",
    "objectName" : "Hello World",
    "objectType" : "Project",
    "path" : "/Explore",
    "metadata" : {
      "modelVersion" : {
        "major" : 0,
        "minor" : 0
      },
      "repoInfo" : null,
      "objectRefs" : [ ],
      "contextAttributes" : [ ],
      "additionalInfo" : {
        "description" : "tutorial",
        "contentType" : "Binary",
        "documentState" : "COMPLETE"
      }
    }
  }, {
    "objectGuid" : "8tAXF25oB38iqeTgmeWeI6",
    "objectName" : "Print Input Message",
    "objectType" : "PROCESS",
    "path" : "/Explore/Hello World/Hello World",
    "metadata" : {
      "modelVersion" : {
        "major" : 1,
        "minor" : 0
      },
      "repoInfo" : {
        "repoHandle" : "LzTm8lnCmp6oIuQ-gt-35948-2018-08-13T19:47:44.603Z::pd.xml"
      },
      "objectRefs" : [ ],
      "contextAttributes" : null,
      "additionalInfo" : {
        "description" : "Accepts an HTTP request with an input message and then returns the input message as the payload",
        "contentType" : "application/json; charset=utf-8",
        "documentState" : "VALID"
      }
    }
  } ]
}