{
  "name" : "Demo-1539907960514",
  "sourceOrgId" : "15bbbYLtRcObRhlx9wUa0X",
  "sourceOrgName" : "Google Inc",
  "exportedObjects" : [ {
    "objectGuid" : "aWoJ44cfJn5h2CAWFFd4U2",
    "objectName" : "Demo",
    "objectType" : "Project",
    "path" : "/Explore",
    "metadata" : {
      "modelVersion" : {
        "major" : 0,
        "minor" : 0
      },
      "repoInfo" : null,
      "objectRefs" : [ ],
      "contextAttributes" : [ ],
      "additionalInfo" : {
        "description" : "",
        "contentType" : "Binary",
        "documentState" : "COMPLETE"
      }
    }
  }, {
    "objectGuid" : "8qzI5PpB62Qf5TP3v2xp6i",
    "objectName" : "TestSFDCConnection",
    "objectType" : "AI_CONNECTION",
    "path" : "/Explore/Demo",
    "metadata" : {
      "modelVersion" : {
        "major" : 1,
        "minor" : 0
      },
      "repoInfo" : {
        "repoHandle" : "fRxZsEi4tciSrZM-gt-263254-2018-08-13T20:34:08.008Z::conn.xml"
      },
      "objectRefs" : [ ],
      "contextAttributes" : null,
      "additionalInfo" : {
        "description" : "",
        "contentType" : "application/json; charset=utf-8",
        "documentState" : "VALID"
      }
    }
  }, {
    "objectGuid" : "4L2Ot1lLIUSkVFg495wWED",
    "objectName" : "FetchLeads",
    "objectType" : "PROCESS",
    "path" : "/Explore/Demo",
    "metadata" : {
      "modelVersion" : {
        "major" : 1,
        "minor" : 0
      },
      "repoInfo" : {
        "repoHandle" : "3hGKcn8dzWztZK0-gt-280930-2018-09-25T20:21:25.878Z::pd.xml"
      },
      "objectRefs" : [ "8qzI5PpB62Qf5TP3v2xp6i", "4xabqzJkJZmggt3o3kCucG" ],
      "contextAttributes" : null,
      "additionalInfo" : {
        "description" : "",
        "contentType" : "application/json; charset=utf-8",
        "documentState" : "VALID"
      }
    }
  }, {
    "objectGuid" : "4xabqzJkJZmggt3o3kCucG",
    "objectName" : "Lead-ProcessObject",
    "objectType" : "PROCESS_OBJECT",
    "path" : "/Explore/Demo",
    "metadata" : {
      "modelVersion" : {
        "major" : 1,
        "minor" : 0
      },
      "repoInfo" : {
        "repoHandle" : "Uq0gbeCFk4AdypK-gt-263246-2018-08-13T20:34:07.974Z::po.xml"
      },
      "objectRefs" : [ ],
      "contextAttributes" : null,
      "additionalInfo" : {
        "description" : "",
        "contentType" : "application/json; charset=utf-8",
        "documentState" : "VALID"
      }
    }
  } ]
}