<aetgt:getResponse xmlns:aetgt="http://schemas.active-endpoints.com/appmodules/repository/2010/10/avrepository.xsd"
                   xmlns:types1="http://schemas.active-endpoints.com/appmodules/repository/2010/10/avrepository.xsd">
   <types1:Item>
      <types1:EntryId>ciW7eLyCnNZPD4A-gt-82647-2018-08-09T19:53:20.036Z::pd.xml</types1:EntryId>
      <types1:Name>OrderProcessor-ProcessPayment</types1:Name>
      <types1:ParentFlowIds>CJljxcghuImXyco-gt-87689-2018-08-09T19:53:20.464Z::pd.xml</types1:ParentFlowIds>
      <types1:MimeType>application/xml+process</types1:MimeType>
      <types1:Description/>
      <types1:AppliesTo/>
      <types1:Tags/>
      <types1:VersionLabel>1.0</types1:VersionLabel>
      <types1:State>CURRENT</types1:State>
      <types1:ProcessGroup/>
      <types1:CreatedBy>ewidjaja</types1:CreatedBy>
      <types1:CreationDate>2018-08-09T19:53:20Z</types1:CreationDate>
      <types1:ModifiedBy/>
      <types1:PublicationStatus>published</types1:PublicationStatus>
      <types1:PublishedBy>ewidjaja</types1:PublishedBy>
      <types1:PublicationDate>2018-08-09T19:54:44Z</types1:PublicationDate>
      <types1:PublishedContributionId>project:/spi.OrderProcessor-ProcessPayment/OrderProcessor-ProcessPayment.pd.xml</types1:PublishedContributionId>
      <types1:AutosaveExists>false</types1:AutosaveExists>
      <types1:Entry>
         <process xmlns="http://schemas.active-endpoints.com/appmodules/screenflow/2010/10/avosScreenflow.xsd"
                  xmlns:list="urn:activevos:spi:list:functions"
                  displayName="OrderProcessor-ProcessPayment"
                  name="OrderProcessor-ProcessPayment">
            <appliesTo/>
            <description/>
            <tags/>
            <generator>Informatica Process Designer 9</generator>
            <notes/>
            <deployment suspendOnFault="false" tracingLevel="none">
               <rest>
                  <allowedRoles>
                     <role>Staging1ServiceConsumerGroup</role>
                  </allowedRoles>
               </rest>
            </deployment>
            <flow id="a">
               <start id="b">
                  <link id="jbxhzcuo" targetId="jbxhzcun"/>
               </start>
               <wait id="jbxhzcun">
                  <title>Wait for 30 seconds</title>
                  <duration source="formula">
                     <function name="duration_expression">
                        <arg name="value">30</arg>
                        <arg name="scale">S</arg>
                        <arg name="businessDays"/>
                     </function>
                  </duration>
                  <link id="jbxhzcup" targetId="c"/>
               </wait>
               <end id="c"/>
            </flow>
         </process>
      </types1:Entry>
      <types1:GUID>2GOHdz5OsGseaqgcBPwqAB</types1:GUID>
      <types1:DisplayName>OrderProcessor-ProcessPayment</types1:DisplayName>
   </types1:Item>
   <types1:CurrentServerDateTime>2018-10-19T00:13:34.635Z</types1:CurrentServerDateTime>
</aetgt:getResponse>
