<aetgt:getResponse xmlns:aetgt="http://schemas.active-endpoints.com/appmodules/repository/2010/10/avrepository.xsd"
                   xmlns:types1="http://schemas.active-endpoints.com/appmodules/repository/2010/10/avrepository.xsd">
   <types1:Item>
      <types1:EntryId>Ky2uI5CUP9WYVMP-gt-87713-2018-08-09T19:53:20.586Z::conn.xml</types1:EntryId>
      <types1:Name>Email-Service</types1:Name>
      <types1:ParentFlowIds>tGUkdypKwKBqRi9-gt-82688-2018-08-09T19:53:21.308Z::pd.xml</types1:ParentFlowIds>
      <types1:MimeType>application/xml+connection</types1:MimeType>
      <types1:Description>User: testuser2
Pwd: password2#</types1:Description>
      <types1:AppliesTo/>
      <types1:Tags/>
      <types1:VersionLabel>1.0</types1:VersionLabel>
      <types1:State>CURRENT</types1:State>
      <types1:ProcessGroup/>
      <types1:CreatedBy>ewidjaja</types1:CreatedBy>
      <types1:CreationDate>2018-08-09T19:53:21Z</types1:CreationDate>
      <types1:ModifiedBy>ewidjaja</types1:ModifiedBy>
      <types1:ModificationDate>2018-08-09T19:54:06Z</types1:ModificationDate>
      <types1:PublicationStatus>published</types1:PublicationStatus>
      <types1:PublishedBy>ewidjaja</types1:PublishedBy>
      <types1:PublicationDate>2018-08-09T19:54:18Z</types1:PublicationDate>
      <types1:PublishedContributionId>project:/rt.connection/Email-Service/Email-Service.conn.xml</types1:PublishedContributionId>
      <types1:AutosaveExists>false</types1:AutosaveExists>
      <types1:Entry>
         <connection xmlns="http://schemas.informatica.com/socrates/data-services/2014/04/avosConnections.xsd"
                     displayName="Email-Service"
                     label="Email-Service"
                     name="Email-Service">
            <description>User: testuser2
Pwd: password2#</description>
            <tags/>
            <agent/>
            <attributes>
               <attribute encrypted="false"
                          name="hostName"
                          value="na1.ai.dm-us.informaticacloud.com:443"/>
               <attribute encrypted="false" name="username" value="testuser2"/>
               <attribute encrypted="true" name="password" value=""/>
            </attributes>
            <businessConnector xmlns="http://schemas.informatica.com/appmodules/screenflow/2014/04/avosConnectors.xsd"
                               agentOnly="false"
                               connectorPath="project:/rt.connector/Email_Service/Email_Service_svcDef.xml"
                               name="Email_Service"
                               supportsConnectionTest="false"
                               uuid="2160e93e-eec7-460a-ac14-b4d18fcd44e7">
               <description>testuser2 / password2#</description>
            </businessConnector>
         </connection>
      </types1:Entry>
      <types1:GUID>8L33JO0JDPSj3NSucTMb2r</types1:GUID>
      <types1:DisplayName>Email-Service</types1:DisplayName>
   </types1:Item>
   <types1:CurrentServerDateTime>2018-10-19T00:13:16.649Z</types1:CurrentServerDateTime>
</aetgt:getResponse>
