{
  "name" : "GoogleApigeeEdgeConnection-1530856790214",
  "sourceOrgId" : "2Wssx75wfY8jWjmuAva7wz",
  "sourceOrgName" : "Org9",
  "exportedObjects" : [ {
    "objectGuid" : "5HYX6aHttsjfAfiV52kkA7",
    "objectName" : "GoogleApigeeEdgeConnection",
    "objectType" : "AI_CONNECTION",
    "path" : "/Explore/GoogleApigeeEdge",
    "metadata" : {
      "modelVersion" : {
        "major" : 1,
        "minor" : 0
      },
      "repoInfo" : {
        "repoHandle" : "Pzjlybduaa-gt-440-2018-07-04T11:39:50.67Z::conn.xml"
      },
      "objectRefs" : [ ],
      "contextAttributes" : null,
      "additionalInfo" : {
        "description" : "",
        "contentType" : "application/json; charset=utf-8",
        "documentState" : "INVALID"
      },
      "objectExistence" : "WITH_DEPENDENCIES"
    }
  }, {
    "objectGuid" : "4xVkAWRKE5XlW7jZvDIhcI",
    "objectName" : "GoogleApigeeEdge",
    "objectType" : "Project",
    "path" : "/Explore",
    "metadata" : {
      "modelVersion" : {
        "major" : 0,
        "minor" : 0
      },
      "repoInfo" : null,
      "objectRefs" : [ ],
      "contextAttributes" : [ ],
      "additionalInfo" : {
        "description" : "",
        "contentType" : "Binary",
        "documentState" : "COMPLETE"
      },
      "objectExistence" : "WITHOUT_DEPENDENCIES"
    }
  } ]
}