<aetgt:getResponse xmlns:aetgt="http://schemas.active-endpoints.com/appmodules/repository/2010/10/avrepository.xsd"
                   xmlns:types1="http://schemas.active-endpoints.com/appmodules/repository/2010/10/avrepository.xsd">
   <types1:Item>
      <types1:EntryId>37D2L5SeE1KoJBU-gt-87747-2018-08-09T19:53:21.871Z::pd.xml</types1:EntryId>
      <types1:Name>Create_Delivery_Package</types1:Name>
      <types1:MimeType>application/xml+process</types1:MimeType>
      <types1:Description>Test with Fedex Tracking Numbers:  437015521460, 437015521460, 437015521460, 437015521460 and VINs: 3VW4T7AU7FM012135, 1G6DC67A050176745, 4T3ZF13CX2U459682.

The Create Delivery Package service creates a delivery record in the Salesforce CRM based using as input a Fedex tracking number and a vehicle VIN. A geocode lookup is made to provide the lat/long for the delivery. This data is held in the CRM once a delivery package is created.</types1:Description>
      <types1:AppliesTo/>
      <types1:Tags/>
      <types1:VersionLabel>1.0</types1:VersionLabel>
      <types1:State>CURRENT</types1:State>
      <types1:ProcessGroup/>
      <types1:CreatedBy>ewidjaja</types1:CreatedBy>
      <types1:CreationDate>2018-08-09T19:53:22Z</types1:CreationDate>
      <types1:ModifiedBy/>
      <types1:PublicationStatus>published</types1:PublicationStatus>
      <types1:PublishedBy>ewidjaja</types1:PublishedBy>
      <types1:PublicationDate>2018-08-09T19:57:22Z</types1:PublicationDate>
      <types1:PublishedContributionId>project:/spi.Create_Delivery_Package/Create_Delivery_Package.pd.xml</types1:PublishedContributionId>
      <types1:AutosaveExists>false</types1:AutosaveExists>
      <types1:Entry>
         <process xmlns="http://schemas.active-endpoints.com/appmodules/screenflow/2010/10/avosScreenflow.xsd"
                  xmlns:list="urn:activevos:spi:list:functions"
                  displayName="Create Delivery Package"
                  name="Create_Delivery_Package">
            <appliesTo/>
            <description>Test with Fedex Tracking Numbers:  437015521460, 437015521460, 437015521460, 437015521460 and VINs: 3VW4T7AU7FM012135, 1G6DC67A050176745, 4T3ZF13CX2U459682.

The Create Delivery Package service creates a delivery record in the Salesforce CRM based using as input a Fedex tracking number and a vehicle VIN. A geocode lookup is made to provide the lat/long for the delivery. This data is held in the CRM once a delivery package is created.</description>
            <tags/>
            <generator>Informatica Process Designer 9</generator>
            <input>
               <parameter description="" name="TrackingNumber" type="string">
                  <options>
                     <option name="required">false</option>
                  </options>
               </parameter>
               <parameter description="" name="VIN" type="string">
                  <options>
                     <option name="required">false</option>
                  </options>
               </parameter>
            </input>
            <output>
               <field description="" name="Error Message" type="string">
                  <options>
                     <option name="required">false</option>
                  </options>
               </field>
               <field description="" name="Make" type="string">
                  <options>
                     <option name="required">false</option>
                  </options>
               </field>
               <field description="" name="Model" type="string">
                  <options>
                     <option name="required">false</option>
                  </options>
               </field>
               <field description="" name="Year" type="string">
                  <options>
                     <option name="required">false</option>
                  </options>
               </field>
               <field description="" name="lat" type="string">
                  <options>
                     <option name="required">false</option>
                  </options>
               </field>
               <field description="" name="lng" type="string">
                  <options>
                     <option name="required">false</option>
                  </options>
               </field>
            </output>
            <notes>Test with https://ai-pod1.staging5.infaqa.com/active-bpel/rt/Create_Delivery_Package?TrackingNumber=437015521460&amp;VIN=3VW4T7AU7FM012135</notes>
            <deployment suspendOnFault="true" tracingLevel="verbose">
               <rest>
                  <allowedRoles>
                     <role>Service Consumer</role>
                  </allowedRoles>
               </rest>
            </deployment>
            <flow id="a">
               <start id="b">
                  <link id="link1" targetId="c"/>
               </start>
               <service id="c">
                  <title>Get FedEx package status</title>
                  <serviceName>FedExCn:Get FedEx package status</serviceName>
                  <serviceGUID>dtdYrPFRAo3kmI709nUFcL</serviceGUID>
                  <serviceInput>
                     <parameter name="TrackingNumber" source="field" updatable="true">input.TrackingNumber</parameter>
                  </serviceInput>
                  <link id="iuo87vjo" targetId="iuo87vjn"/>
               </service>
               <container id="iuo87vjn" type="exclusive">
                  <title>City</title>
                  <flow id="iuo87vjv">
                     <assignment id="iuo87vkc">
                        <title>Assignment to Error Message</title>
                        <operation source="constant" to="output.Error Message">No Delivery Happened</operation>
                        <link id="iuo87vkh" targetId="iuo87vk6"/>
                     </assignment>
                     <end id="iuo87vk6">
                        <title>Untitled</title>
                     </end>
                  </flow>
                  <flow id="iuo87vjy">
                     <service id="iuo87vkt">
                        <title>geocodeAddress</title>
                        <serviceName>GoogleGeoCode:geocodeAddress</serviceName>
                        <serviceGUID>5isp7MVmuGLdBHf1lF9f2q</serviceGUID>
                        <serviceInput>
                           <parameter name="address" source="constant">{$output.City}, {$output.State}, {$output.ZipCode} </parameter>
                        </serviceInput>
                        <link id="je6dxq9t" targetId="je6dxq9s"/>
                     </service>
                     <service id="je6dxq9s">
                        <title>Get Vehicle Info by VIN</title>
                        <serviceName>VIN-Decoder-NHTSA:Get Vehicle Info by VIN</serviceName>
                        <serviceGUID>5htROTj8fSMcASGXAPArSE</serviceGUID>
                        <serviceInput>
                           <parameter name="VIN" source="field" updatable="true">input.VIN</parameter>
                        </serviceInput>
                        <link id="jhpdy74g" targetId="iuo87vlh"/>
                     </service>
                     <end id="iuo87vlh"/>
                  </flow>
                  <link id="iuo87vjs" targetId="iuo87vjv" type="containerLink">
                     <condition source="formula">
                        <function name="string-equals">
                           <arg name="left">{$output.City}</arg>
                           <arg name="right"/>
                        </function>
                     </condition>
                  </link>
                  <link id="iuo87vjt" targetId="iuo87vjy" type="containerLink"/>
               </container>
            </flow>
         </process>
      </types1:Entry>
      <types1:GUID>0kabDCjR7uwgfDH8CKYyQc</types1:GUID>
      <types1:DisplayName>Create Delivery Package</types1:DisplayName>
   </types1:Item>
   <types1:CurrentServerDateTime>2018-10-19T00:14:52.865Z</types1:CurrentServerDateTime>
</aetgt:getResponse>
