<aetgt:getResponse xmlns:aetgt="http://schemas.active-endpoints.com/appmodules/repository/2010/10/avrepository.xsd"
                   xmlns:types1="http://schemas.active-endpoints.com/appmodules/repository/2010/10/avrepository.xsd">
   <types1:Item>
      <types1:EntryId>EGuDoWn2sqeErhN-gt-81450-2018-08-09T19:53:20.49Z::svc.xml</types1:EntryId>
      <types1:Name>FedEx</types1:Name>
      <types1:MimeType>application/xml+businesssconnector</types1:MimeType>
      <types1:Description>Gets delivery status using tracking #</types1:Description>
      <types1:AppliesTo/>
      <types1:Tags/>
      <types1:VersionLabel>1.0</types1:VersionLabel>
      <types1:State>CURRENT</types1:State>
      <types1:ProcessGroup/>
      <types1:CreatedBy>ewidjaja</types1:CreatedBy>
      <types1:CreationDate>2018-08-09T19:53:20Z</types1:CreationDate>
      <types1:ModifiedBy/>
      <types1:PublicationStatus>published</types1:PublicationStatus>
      <types1:PublishedBy>ewidjaja</types1:PublishedBy>
      <types1:PublicationDate>2018-08-09T19:56:53Z</types1:PublicationDate>
      <types1:PublishedContributionId>project:/rt.connector/FedEx/FedEx_svcDef.xml</types1:PublishedContributionId>
      <types1:AutosaveExists>false</types1:AutosaveExists>
      <types1:Entry>
         <businessConnector xmlns="http://schemas.informatica.com/socrates/data-services/2014/05/business-connector-model.xsd"
                            agentOnly="false"
                            debug="false"
                            displayName="FedEx"
                            label=""
                            name="FedEx"
                            uuid="797ff775-581b-4bda-b727-19722a243ab0">
            <description>Gets delivery status using tracking #</description>
            <tags/>
            <connectionAttributes xmlns="http://schemas.informatica.com/appmodules/screenflow/2014/04/avosConnectors.xsd"/>
            <actions>
               <action category=""
                       failOnError="true"
                       forSearch="false"
                       label="Get FedEx package status"
                       maxRedirects="100"
                       name="Get FedEx package status"
                       preemptiveAuth="false"
                       responseEncoding="">
                  <description/>
                  <input>
                     <parameter label="Tracking Number"
                                name="TrackingNumber"
                                nogen="true"
                                required="true"
                                testWith="414718652344"
                                type="string"/>
                  </input>
                  <binding>
                     <restSimpleBinding multiUsing="semicolonSeparated"
                                        url="https://wsbeta.fedex.com:443/web-services/track"
                                        verb="POST">
                        <authentication>
                           <username>eegertson@demo.informatica.com</username>
                           <password/>
                           <isExpressionInPassword>false</isExpressionInPassword>
                        </authentication>
                        <httpHeaders>
                           <header name="Content-Type">text/xml</header>
                           <header name="SOAPAction"/>
                        </httpHeaders>
                        <body>&lt;soapenv:Envelope xmlns:soapenv="http://schemas.xmlsoap.org/soap/envelope/" xmlns:v14="http://fedex.com/ws/track/v14"&gt;
   &lt;soapenv:Header/&gt;
   &lt;soapenv:Body&gt;
      &lt;v14:TrackRequest&gt;
         &lt;v14:WebAuthenticationDetail&gt;
            &lt;v14:UserCredential&gt;
               &lt;v14:Key&gt;RGmQsFPdzZUcFys7&lt;/v14:Key&gt;
               &lt;v14:Password&gt;pT7JKXQVW45NeZgpqkDIndijX&lt;/v14:Password&gt;
            &lt;/v14:UserCredential&gt;
         &lt;/v14:WebAuthenticationDetail&gt;
         &lt;v14:ClientDetail&gt;
            &lt;v14:AccountNumber&gt;510087941&lt;/v14:AccountNumber&gt;
            &lt;v14:MeterNumber&gt;118639359&lt;/v14:MeterNumber&gt;
            &lt;v14:Localization&gt;
               &lt;v14:LanguageCode&gt;EN&lt;/v14:LanguageCode&gt;
               &lt;v14:LocaleCode&gt;us&lt;/v14:LocaleCode&gt;
            &lt;/v14:Localization&gt;
         &lt;/v14:ClientDetail&gt;
         &lt;v14:TransactionDetail&gt;
            &lt;v14:CustomerTransactionId&gt;Basic_TrackRequest_q0_Internal&lt;/v14:CustomerTransactionId&gt;
            &lt;v14:Localization&gt;
               &lt;v14:LanguageCode&gt;EN&lt;/v14:LanguageCode&gt;
               &lt;v14:LocaleCode&gt;us&lt;/v14:LocaleCode&gt;
            &lt;/v14:Localization&gt;
         &lt;/v14:TransactionDetail&gt;
         &lt;v14:Version&gt;
            &lt;v14:ServiceId&gt;trck&lt;/v14:ServiceId&gt;
            &lt;v14:Major&gt;14&lt;/v14:Major&gt;
            &lt;v14:Intermediate&gt;0&lt;/v14:Intermediate&gt;
            &lt;v14:Minor&gt;0&lt;/v14:Minor&gt;
         &lt;/v14:Version&gt;
         &lt;v14:SelectionDetails&gt;
            &lt;v14:CarrierCode&gt;FDXE&lt;/v14:CarrierCode&gt;
            &lt;v14:PackageIdentifier&gt;
               &lt;v14:Type&gt;TRACKING_NUMBER_OR_DOORTAG&lt;/v14:Type&gt;
               &lt;v14:Value&gt;{$TrackingNumber}&lt;/v14:Value&gt;
            &lt;/v14:PackageIdentifier&gt;
         &lt;/v14:SelectionDetails&gt;
      &lt;/v14:TrackRequest&gt;
   &lt;/soapenv:Body&gt;
&lt;/soapenv:Envelope&gt;</body>
                     </restSimpleBinding>
                  </binding>
                  <output>
                     <field description=""
                            name="Delivery Status"
                            property="EventDescription"
                            type="string"/>
                     <field description="" name="City" property="City" type="string"/>
                     <field description=""
                            name="Comments"
                            property="ReasonDescription"
                            type="string"/>
                     <field description=""
                            name="State"
                            property="StateOrProvinceCode"
                            type="string"/>
                     <field description=""
                            name="Zip Code"
                            property="PostalCode"
                            type="string"/>
                     <field description=""
                            name="Date and Time Delivered"
                            property="Timestamp"
                            type="string"/>
                  </output>
               </action>
            </actions>
            <objects/>
         </businessConnector>
      </types1:Entry>
      <types1:GUID>71LxToljwMGiCraRxKcyGv</types1:GUID>
      <types1:DisplayName>FedEx</types1:DisplayName>
   </types1:Item>
   <types1:CurrentServerDateTime>2018-10-19T00:14:52.567Z</types1:CurrentServerDateTime>
</aetgt:getResponse>
