<aetgt:getResponse xmlns:aetgt="http://schemas.active-endpoints.com/appmodules/repository/2010/10/avrepository.xsd"
                   xmlns:types1="http://schemas.active-endpoints.com/appmodules/repository/2010/10/avrepository.xsd">
   <types1:Item>
      <types1:EntryId>yuRZXDyvs7xvk0q-gt-82706-2018-08-09T19:53:21.391Z::conn.xml</types1:EntryId>
      <types1:Name>FedExCn</types1:Name>
      <types1:ParentFlowIds>37D2L5SeE1KoJBU-gt-87747-2018-08-09T19:53:21.871Z::pd.xml</types1:ParentFlowIds>
      <types1:MimeType>application/xml+connection</types1:MimeType>
      <types1:Description/>
      <types1:AppliesTo/>
      <types1:Tags/>
      <types1:VersionLabel>1.0</types1:VersionLabel>
      <types1:State>CURRENT</types1:State>
      <types1:ProcessGroup/>
      <types1:CreatedBy>ewidjaja</types1:CreatedBy>
      <types1:CreationDate>2018-08-09T19:53:21Z</types1:CreationDate>
      <types1:ModifiedBy/>
      <types1:PublicationStatus>published</types1:PublicationStatus>
      <types1:PublishedBy>ewidjaja</types1:PublishedBy>
      <types1:PublicationDate>2018-08-09T19:57:13Z</types1:PublicationDate>
      <types1:PublishedContributionId>project:/rt.connection/FedExCn/FedExCn.conn.xml</types1:PublishedContributionId>
      <types1:AutosaveExists>false</types1:AutosaveExists>
      <types1:Entry>
         <connection xmlns="http://schemas.informatica.com/socrates/data-services/2014/04/avosConnections.xsd"
                     displayName="FedExCn"
                     label="FedExCn"
                     name="FedExCn">
            <description/>
            <tags/>
            <agent/>
            <attributes/>
            <businessConnector xmlns="http://schemas.informatica.com/appmodules/screenflow/2014/04/avosConnectors.xsd"
                               agentOnly="false"
                               connectorPath="project:/rt.connector/FedEx/FedEx_svcDef.xml"
                               guid="71LxToljwMGiCraRxKcyGv"
                               name="FedEx"
                               supportsConnectionTest="false"
                               uuid="797ff775-581b-4bda-b727-19722a243ab0">
               <description/>
            </businessConnector>
         </connection>
      </types1:Entry>
      <types1:GUID>dtdYrPFRAo3kmI709nUFcL</types1:GUID>
      <types1:DisplayName>FedExCn</types1:DisplayName>
   </types1:Item>
   <types1:CurrentServerDateTime>2018-10-19T00:14:52.725Z</types1:CurrentServerDateTime>
</aetgt:getResponse>
