<aetgt:getResponse xmlns:aetgt="http://schemas.active-endpoints.com/appmodules/repository/2010/10/avrepository.xsd"
                   xmlns:types1="http://schemas.active-endpoints.com/appmodules/repository/2010/10/avrepository.xsd">
   <types1:Item>
      <types1:EntryId>HPRPjAXhNUdyOoM-gt-81458-2018-08-09T19:53:20.535Z::svc.xml</types1:EntryId>
      <types1:Name>GetListfromVPIC</types1:Name>
      <types1:MimeType>application/xml+businesssconnector</types1:MimeType>
      <types1:Description/>
      <types1:AppliesTo/>
      <types1:Tags/>
      <types1:VersionLabel>1.0</types1:VersionLabel>
      <types1:State>CURRENT</types1:State>
      <types1:ProcessGroup/>
      <types1:CreatedBy>ewidjaja</types1:CreatedBy>
      <types1:CreationDate>2018-08-09T19:53:21Z</types1:CreationDate>
      <types1:ModifiedBy/>
      <types1:PublicationStatus>published</types1:PublicationStatus>
      <types1:PublishedBy>ewidjaja</types1:PublishedBy>
      <types1:PublicationDate>2018-08-09T19:57:00Z</types1:PublicationDate>
      <types1:PublishedContributionId>project:/rt.connector/GetListfromVPIC/GetListfromVPIC_svcDef.xml</types1:PublishedContributionId>
      <types1:AutosaveExists>false</types1:AutosaveExists>
      <types1:Entry>
         <businessConnector xmlns="http://schemas.informatica.com/socrates/data-services/2014/05/business-connector-model.xsd"
                            agentOnly="false"
                            debug="false"
                            displayName="GetListfromVPIC"
                            label=""
                            name="GetListfromVPIC"
                            uuid="f27c6d9f-eea5-4cab-9c7f-b551d87abfe6">
            <description/>
            <tags/>
            <connectionAttributes xmlns="http://schemas.informatica.com/appmodules/screenflow/2014/04/avosConnectors.xsd"/>
            <actions>
               <action category=""
                       failOnError="true"
                       forSearch="false"
                       label="GetList"
                       maxRedirects="100"
                       name="GetList"
                       preemptiveAuth="true"
                       responseEncoding="">
                  <description/>
                  <input/>
                  <binding>
                     <restSimpleBinding multiUsing="semicolonSeparated"
                                        url="https://vpic.nhtsa.dot.gov/api//vehicles/GetAllManufacturers?format=json"
                                        verb="GET"/>
                  </binding>
                  <output>
                     <field description=""
                            entireResponse="true"
                            name="List from VPIC"
                            type="objectlist">
                        <options>
                           <option name="referenceTo">Results</option>
                        </options>
                     </field>
                  </output>
               </action>
            </actions>
            <objects>
               <processObject xmlns="http://schemas.active-endpoints.com/appmodules/screenflow/2011/06/avosHostEnvironment.xsd"
                              isByCopy="true"
                              name="root">
                  <description>An automatically generated process object</description>
                  <detail>
                     <field name="Message" type="string"/>
                     <field name="Results" type="objectlist">
                        <options>
                           <option name="referenceTo">Results</option>
                           <option name="relationshipName">Child</option>
                        </options>
                     </field>
                     <field name="Count" type="int"/>
                     <field name="SearchCriteria" type="string"/>
                  </detail>
               </processObject>
               <processObject xmlns="http://schemas.active-endpoints.com/appmodules/screenflow/2011/06/avosHostEnvironment.xsd"
                              isByCopy="true"
                              name="Results">
                  <description>An automatically generated process object</description>
                  <detail>
                     <field name="Mfr_CommonName" type="string"/>
                     <field name="Mfr_ID" type="int"/>
                     <field name="Country" type="string"/>
                     <field name="VehicleTypes" type="objectlist">
                        <options>
                           <option name="referenceTo">VehicleTypes</option>
                           <option name="relationshipName">Child</option>
                        </options>
                     </field>
                     <field name="Mfr_Name" type="string"/>
                  </detail>
               </processObject>
               <processObject xmlns="http://schemas.active-endpoints.com/appmodules/screenflow/2011/06/avosHostEnvironment.xsd"
                              isByCopy="true"
                              name="VehicleTypes">
                  <description>An automatically generated process object</description>
                  <detail>
                     <field name="IsPrimary" type="boolean"/>
                     <field name="Name" type="string"/>
                  </detail>
               </processObject>
            </objects>
         </businessConnector>
      </types1:Entry>
      <types1:GUID>lkVE9Wq56enjJbLaY3PNqZ</types1:GUID>
      <types1:DisplayName>GetListfromVPIC</types1:DisplayName>
   </types1:Item>
   <types1:CurrentServerDateTime>2018-10-19T00:14:52.577Z</types1:CurrentServerDateTime>
</aetgt:getResponse>
