<aetgt:getResponse xmlns:aetgt="http://schemas.active-endpoints.com/appmodules/repository/2010/10/avrepository.xsd"
                   xmlns:types1="http://schemas.active-endpoints.com/appmodules/repository/2010/10/avrepository.xsd">
   <types1:Item>
      <types1:EntryId>wM5rdsMkdypKwKB-gt-27512-2018-08-09T19:53:21.35Z::conn.xml</types1:EntryId>
      <types1:Name>GoogleGeoCode</types1:Name>
      <types1:ParentFlowIds>37D2L5SeE1KoJBU-gt-87747-2018-08-09T19:53:21.871Z::pd.xml</types1:ParentFlowIds>
      <types1:MimeType>application/xml+connection</types1:MimeType>
      <types1:Description/>
      <types1:AppliesTo/>
      <types1:Tags/>
      <types1:VersionLabel>1.0</types1:VersionLabel>
      <types1:State>CURRENT</types1:State>
      <types1:ProcessGroup/>
      <types1:CreatedBy>ewidjaja</types1:CreatedBy>
      <types1:CreationDate>2018-08-09T19:53:21Z</types1:CreationDate>
      <types1:ModifiedBy/>
      <types1:PublicationStatus>published</types1:PublicationStatus>
      <types1:PublishedBy>ewidjaja</types1:PublishedBy>
      <types1:PublicationDate>2018-08-09T19:57:09Z</types1:PublicationDate>
      <types1:PublishedContributionId>project:/rt.connection/GoogleGeoCode/GoogleGeoCode.conn.xml</types1:PublishedContributionId>
      <types1:AutosaveExists>false</types1:AutosaveExists>
      <types1:Entry>
         <connection xmlns="http://schemas.informatica.com/socrates/data-services/2014/04/avosConnections.xsd"
                     displayName="GoogleGeoCode"
                     label="GoogleGeoCode"
                     name="GoogleGeoCode">
            <description/>
            <tags/>
            <agent/>
            <attributes/>
            <businessConnector xmlns="http://schemas.informatica.com/appmodules/screenflow/2014/04/avosConnectors.xsd"
                               agentOnly="false"
                               connectorPath="project:/rt.connector/GoogleGeocodeAPI/GoogleGeocodeAPI_svcDef.xml"
                               guid="kKt1YDmpECukZwhbLoOWwB"
                               name="GoogleGeocodeAPI"
                               supportsConnectionTest="false"
                               uuid="e45a2859-e58f-4fc4-8f30-067017c687dd">
               <description>Use Google's Simple Geocoding Web Service.  Takes an Address and returns a Lat &amp; Lng</description>
            </businessConnector>
         </connection>
      </types1:Entry>
      <types1:GUID>5isp7MVmuGLdBHf1lF9f2q</types1:GUID>
      <types1:DisplayName>GoogleGeoCode</types1:DisplayName>
   </types1:Item>
   <types1:CurrentServerDateTime>2018-10-19T00:14:52.74Z</types1:CurrentServerDateTime>
</aetgt:getResponse>
