<aetgt:getResponse xmlns:aetgt="http://schemas.active-endpoints.com/appmodules/repository/2010/10/avrepository.xsd"
                   xmlns:types1="http://schemas.active-endpoints.com/appmodules/repository/2010/10/avrepository.xsd">
   <types1:Item>
      <types1:EntryId>fT7xvk0qZF3a-gt-25215-2018-08-09T19:53:21.08Z::svc.xml</types1:EntryId>
      <types1:Name>GoogleGeocodeAPI</types1:Name>
      <types1:MimeType>application/xml+businesssconnector</types1:MimeType>
      <types1:Description>Use Google's Simple Geocoding Web Service.  Takes an Address and returns a Lat &amp; Lng</types1:Description>
      <types1:AppliesTo/>
      <types1:Tags>GoogleGeo</types1:Tags>
      <types1:VersionLabel>1.0</types1:VersionLabel>
      <types1:State>CURRENT</types1:State>
      <types1:ProcessGroup/>
      <types1:CreatedBy>ewidjaja</types1:CreatedBy>
      <types1:CreationDate>2018-08-09T19:53:21Z</types1:CreationDate>
      <types1:ModifiedBy/>
      <types1:PublicationStatus>published</types1:PublicationStatus>
      <types1:PublishedBy>ewidjaja</types1:PublishedBy>
      <types1:PublicationDate>2018-08-09T19:56:57Z</types1:PublicationDate>
      <types1:PublishedContributionId>project:/rt.connector/GoogleGeocodeAPI/GoogleGeocodeAPI_svcDef.xml</types1:PublishedContributionId>
      <types1:AutosaveExists>false</types1:AutosaveExists>
      <types1:Entry>
         <businessConnector xmlns="http://schemas.informatica.com/socrates/data-services/2014/05/business-connector-model.xsd"
                            agentOnly="false"
                            debug="false"
                            displayName="GoogleGeocodeAPI"
                            label=""
                            name="GoogleGeocodeAPI"
                            uuid="e45a2859-e58f-4fc4-8f30-067017c687dd">
            <description>Use Google's Simple Geocoding Web Service.  Takes an Address and returns a Lat &amp; Lng</description>
            <tags>GoogleGeo</tags>
            <connectionAttributes xmlns="http://schemas.informatica.com/appmodules/screenflow/2014/04/avosConnectors.xsd"/>
            <actions>
               <action category=""
                       failOnError="true"
                       forSearch="false"
                       label="geocodeAddress"
                       maxRedirects="100"
                       name="geocodeAddress"
                       preemptiveAuth="true"
                       responseEncoding="">
                  <description>Get Lat &amp; Lng from Google Geocode API based on Address String</description>
                  <input>
                     <parameter description="Full Address String&#xA;Street, City, State Zip"
                                label="address"
                                name="address"
                                nogen="true"
                                required="true"
                                testWith="NORTH ANDOVER, MA, 01845"
                                type="string"/>
                  </input>
                  <binding>
                     <restSimpleBinding multiUsing="semicolonSeparated"
                                        url="https://maps.googleapis.com/maps/api/geocode/json"
                                        verb="GET">
                        <otherParams>
                           <otherParam name="address">{$address}</otherParam>
                        </otherParams>
                     </restSimpleBinding>
                  </binding>
                  <output>
                     <field description="" name="lng" property="lng" type="string"/>
                     <field description="" name="lat" property="lat" type="string"/>
                     <field description=""
                            entireResponse="true"
                            name="response"
                            type="string"/>
                  </output>
               </action>
            </actions>
            <objects/>
         </businessConnector>
      </types1:Entry>
      <types1:GUID>kKt1YDmpECukZwhbLoOWwB</types1:GUID>
      <types1:DisplayName>GoogleGeocodeAPI</types1:DisplayName>
   </types1:Item>
   <types1:CurrentServerDateTime>2018-10-19T00:14:52.557Z</types1:CurrentServerDateTime>
</aetgt:getResponse>
