<aetgt:getResponse xmlns:aetgt="http://schemas.active-endpoints.com/appmodules/repository/2010/10/avrepository.xsd"
                   xmlns:types1="http://schemas.active-endpoints.com/appmodules/repository/2010/10/avrepository.xsd">
   <types1:Item>
      <types1:EntryId>FIKUzeA8rJ4pbgc-gt-87697-2018-08-09T19:53:20.505Z::svc.xml</types1:EntryId>
      <types1:Name>VIN_Decoder_-_NHTSA</types1:Name>
      <types1:MimeType>application/xml+businesssconnector</types1:MimeType>
      <types1:Description/>
      <types1:AppliesTo/>
      <types1:Tags/>
      <types1:VersionLabel>1.0</types1:VersionLabel>
      <types1:State>CURRENT</types1:State>
      <types1:ProcessGroup/>
      <types1:CreatedBy>ewidjaja</types1:CreatedBy>
      <types1:CreationDate>2018-08-09T19:53:21Z</types1:CreationDate>
      <types1:ModifiedBy/>
      <types1:PublicationStatus>published</types1:PublicationStatus>
      <types1:PublishedBy>ewidjaja</types1:PublishedBy>
      <types1:PublicationDate>2018-08-09T19:56:49Z</types1:PublicationDate>
      <types1:PublishedContributionId>project:/rt.connector/VIN_Decoder___NHTSA/VIN_Decoder___NHTSA_svcDef.xml</types1:PublishedContributionId>
      <types1:AutosaveExists>false</types1:AutosaveExists>
      <types1:Entry>
         <businessConnector xmlns="http://schemas.informatica.com/socrates/data-services/2014/05/business-connector-model.xsd"
                            agentOnly="false"
                            debug="false"
                            displayName="VIN Decoder - NHTSA"
                            label=""
                            name="VIN_Decoder_-_NHTSA"
                            uuid="4b57a520-512d-445e-9d3f-2f4f8253e622">
            <description/>
            <tags/>
            <connectionAttributes xmlns="http://schemas.informatica.com/appmodules/screenflow/2014/04/avosConnectors.xsd"/>
            <actions>
               <action category=""
                       failOnError="true"
                       forSearch="false"
                       label="Get Vehicle Info by VIN"
                       maxRedirects="100"
                       name="Get Vehicle Info by VIN"
                       preemptiveAuth="true"
                       responseEncoding="">
                  <description>Connects to the National Highway Traffic Safety Administration API</description>
                  <input>
                     <parameter label="VIN"
                                name="VIN"
                                nogen="true"
                                required="true"
                                testWith="3VW4T7AU7FM012135"
                                type="string"/>
                  </input>
                  <binding>
                     <restSimpleBinding multiUsing="semicolonSeparated"
                                        url="https://vpic.nhtsa.dot.gov/api/vehicles/DecodeVinValues/{$VIN}"
                                        verb="GET"/>
                  </binding>
                  <output>
                     <field description="" name="Make" type="string">
                        <xquery>{//Results/DecodedVINValues/Make/text()}</xquery>
                     </field>
                     <field description="" name="Model" type="string">
                        <xquery>{//Results/DecodedVINValues/Model/text()}</xquery>
                     </field>
                     <field description="" name="Year" type="string">
                        <xquery>{//Results/DecodedVINValues/ModelYear/text()}</xquery>
                     </field>
                     <field description="" name="Doors" type="string">
                        <xquery>{//Results/DecodedVINValues/Doors/text()}</xquery>
                     </field>
                     <field description="" name="Transmission" type="string">
                        <xquery>{//Results/DecodedVINValues/TransmissionStyle/text()}</xquery>
                     </field>
                     <field description="" name="Horsepower" type="string">
                        <xquery>{//Results/DecodedVINValues/EngineHP/text()}</xquery>
                     </field>
                     <field description="" name="Body Type" type="string">
                        <xquery>{//Results/DecodedVINValues/BodyClass/text()}</xquery>
                     </field>
                  </output>
               </action>
            </actions>
            <objects/>
         </businessConnector>
      </types1:Entry>
      <types1:GUID>2bpozARD3q0feZll70DUwb</types1:GUID>
      <types1:DisplayName>VIN Decoder - NHTSA</types1:DisplayName>
   </types1:Item>
   <types1:CurrentServerDateTime>2018-10-19T00:14:52.586Z</types1:CurrentServerDateTime>
</aetgt:getResponse>
