<aetgt:getResponse xmlns:aetgt="http://schemas.active-endpoints.com/appmodules/repository/2010/10/avrepository.xsd"
                   xmlns:types1="http://schemas.active-endpoints.com/appmodules/repository/2010/10/avrepository.xsd">
   <types1:Item>
      <types1:EntryId>A6CjqFVNN5Kaaab-gt-82714-2018-08-09T19:53:21.423Z::conn.xml</types1:EntryId>
      <types1:Name>VIN-Decoder-NHTSA</types1:Name>
      <types1:ParentFlowIds>37D2L5SeE1KoJBU-gt-87747-2018-08-09T19:53:21.871Z::pd.xml</types1:ParentFlowIds>
      <types1:MimeType>application/xml+connection</types1:MimeType>
      <types1:Description/>
      <types1:AppliesTo/>
      <types1:Tags/>
      <types1:VersionLabel>1.0</types1:VersionLabel>
      <types1:State>CURRENT</types1:State>
      <types1:ProcessGroup/>
      <types1:CreatedBy>ewidjaja</types1:CreatedBy>
      <types1:CreationDate>2018-08-09T19:53:21Z</types1:CreationDate>
      <types1:ModifiedBy/>
      <types1:PublicationStatus>published</types1:PublicationStatus>
      <types1:PublishedBy>ewidjaja</types1:PublishedBy>
      <types1:PublicationDate>2018-08-09T19:57:04Z</types1:PublicationDate>
      <types1:PublishedContributionId>project:/rt.connection/VIN-Decoder-NHTSA/VIN-Decoder-NHTSA.conn.xml</types1:PublishedContributionId>
      <types1:AutosaveExists>false</types1:AutosaveExists>
      <types1:Entry>
         <connection xmlns="http://schemas.informatica.com/socrates/data-services/2014/04/avosConnections.xsd"
                     displayName="VIN-Decoder-NHTSA"
                     label="VIN-Decoder-NHTSA"
                     name="VIN-Decoder-NHTSA">
            <description/>
            <tags/>
            <agent/>
            <attributes/>
            <businessConnector xmlns="http://schemas.informatica.com/appmodules/screenflow/2014/04/avosConnectors.xsd"
                               agentOnly="false"
                               connectorPath="project:/rt.connector/VIN_Decoder___NHTSA/VIN_Decoder___NHTSA_svcDef.xml"
                               guid="2bpozARD3q0feZll70DUwb"
                               name="VIN_Decoder_-_NHTSA"
                               supportsConnectionTest="false"
                               uuid="4b57a520-512d-445e-9d3f-2f4f8253e622">
               <description/>
            </businessConnector>
         </connection>
      </types1:Entry>
      <types1:GUID>5htROTj8fSMcASGXAPArSE</types1:GUID>
      <types1:DisplayName>VIN-Decoder-NHTSA</types1:DisplayName>
   </types1:Item>
   <types1:CurrentServerDateTime>2018-10-19T00:14:52.754Z</types1:CurrentServerDateTime>
</aetgt:getResponse>
