<aetgt:getResponse xmlns:aetgt="http://schemas.active-endpoints.com/appmodules/repository/2010/10/avrepository.xsd"
                   xmlns:types1="http://schemas.active-endpoints.com/appmodules/repository/2010/10/avrepository.xsd">
   <types1:Item>
      <types1:EntryId>BUCZ4nzYLnzYLnz-gt-81442-2018-08-09T19:53:20.444Z::svc.xml</types1:EntryId>
      <types1:Name>Thomas_Bayer</types1:Name>
      <types1:MimeType>application/xml+businesssconnector</types1:MimeType>
      <types1:Description>Invoice actions from Thomas-Bayer.com</types1:Description>
      <types1:AppliesTo/>
      <types1:Tags/>
      <types1:VersionLabel>1.0</types1:VersionLabel>
      <types1:State>CURRENT</types1:State>
      <types1:ProcessGroup/>
      <types1:CreatedBy>ewidjaja</types1:CreatedBy>
      <types1:CreationDate>2018-08-09T19:53:20Z</types1:CreationDate>
      <types1:ModifiedBy/>
      <types1:PublicationStatus>published</types1:PublicationStatus>
      <types1:PublishedBy>ewidjaja</types1:PublishedBy>
      <types1:PublicationDate>2018-08-09T19:55:54Z</types1:PublicationDate>
      <types1:PublishedContributionId>project:/rt.connector/Thomas_Bayer/Thomas_Bayer_svcDef.xml</types1:PublishedContributionId>
      <types1:AutosaveExists>false</types1:AutosaveExists>
      <types1:Entry>
         <businessConnector xmlns="http://schemas.informatica.com/socrates/data-services/2014/05/business-connector-model.xsd"
                            agentOnly="false"
                            debug="false"
                            displayName="Thomas Bayer"
                            label=""
                            name="Thomas_Bayer"
                            uuid="982d53c4-a0a3-427d-be2a-4d86fe20e65e">
            <description>Invoice actions from Thomas-Bayer.com</description>
            <tags/>
            <connectionAttributes xmlns="http://schemas.informatica.com/appmodules/screenflow/2014/04/avosConnectors.xsd"/>
            <actions>
               <action category="Thomas Bayer"
                       failOnError="true"
                       forSearch="false"
                       label="getInvoice"
                       maxRedirects="100"
                       name="getInvoice"
                       preemptiveAuth="true"
                       responseEncoding="">
                  <description>This service returns a customer number based on an Invoice ID.</description>
                  <input>
                     <parameter name="invoiceID"
                                nogen="true"
                                required="false"
                                testWith="12"
                                type="string"/>
                  </input>
                  <binding>
                     <restSimpleBinding multiUsing="semicolonSeparated"
                                        url="http://www.thomas-bayer.com/sqlrest/INVOICE/{$invoiceID}/"
                                        verb="GET">
                        <authentication>
                           <username>lclement</username>
                           <password/>
                           <isExpressionInPassword>false</isExpressionInPassword>
                        </authentication>
                     </restSimpleBinding>
                  </binding>
                  <output>
                     <field description="" name="ID" property="ID" type="string"/>
                     <field description=""
                            name="CUSTOMERID"
                            property="CUSTOMERID"
                            type="string"/>
                     <field description="" name="TOTAL" property="TOTAL" type="string"/>
                     <field description=""
                            name="responseCode"
                            responseStatusCode="true"
                            type="string"/>
                     <field description="" name="responseCodeXQuery" type="string">
                        <xquery>{ $ResponseStatusCode }</xquery>
                     </field>
                  </output>
               </action>
               <action category="Thomas Bayer"
                       failOnError="true"
                       forSearch="false"
                       label="getCustomer"
                       maxRedirects="100"
                       name="getCustomer"
                       preemptiveAuth="true"
                       responseEncoding="">
                  <description>This service returns customer details based on a customer ID</description>
                  <input>
                     <parameter name="customerID"
                                nogen="true"
                                required="false"
                                testWith="2"
                                type="string"/>
                  </input>
                  <binding>
                     <restSimpleBinding multiUsing="semicolonSeparated"
                                        url="http://www.thomas-bayer.com/sqlrest/CUSTOMER/{$customerID}/"
                                        verb="GET">
                        <authentication>
                           <username>lclement</username>
                           <password/>
                           <isExpressionInPassword>false</isExpressionInPassword>
                        </authentication>
                     </restSimpleBinding>
                  </binding>
                  <output>
                     <field description="" name="ID" property="ID" type="string"/>
                     <field description=""
                            name="FIRSTNAME"
                            property="FIRSTNAME"
                            type="string"/>
                     <field description=""
                            name="LASTNAME"
                            property="LASTNAME"
                            type="string"/>
                     <field description="" name="STREET" property="STREET" type="string"/>
                     <field description="" name="CITY" property="CITY" type="string"/>
                  </output>
               </action>
            </actions>
            <objects/>
         </businessConnector>
      </types1:Entry>
      <types1:GUID>7thml2ihguylJwRdpgEv8Q</types1:GUID>
      <types1:DisplayName>Thomas Bayer</types1:DisplayName>
   </types1:Item>
   <types1:CurrentServerDateTime>2018-10-19T00:14:20.323Z</types1:CurrentServerDateTime>
</aetgt:getResponse>
