<aetgt:getResponse xmlns:aetgt="http://schemas.active-endpoints.com/appmodules/repository/2010/10/avrepository.xsd"
                   xmlns:types1="http://schemas.active-endpoints.com/appmodules/repository/2010/10/avrepository.xsd">
   <types1:Item>
      <types1:EntryId>MiRW8UBM7zsZvEI-gt-87721-2018-08-09T19:53:20.617Z::conn.xml</types1:EntryId>
      <types1:Name>Thomas-Bayer-actions</types1:Name>
      <types1:ParentFlowIds>w6xqPVEQrXhNUdy-gt-82698-2018-08-09T19:53:21.359Z::pd.xml</types1:ParentFlowIds>
      <types1:MimeType>application/xml+connection</types1:MimeType>
      <types1:Description/>
      <types1:AppliesTo/>
      <types1:Tags/>
      <types1:VersionLabel>1.0</types1:VersionLabel>
      <types1:State>CURRENT</types1:State>
      <types1:ProcessGroup/>
      <types1:CreatedBy>ewidjaja</types1:CreatedBy>
      <types1:CreationDate>2018-08-09T19:53:21Z</types1:CreationDate>
      <types1:ModifiedBy/>
      <types1:PublicationStatus>published</types1:PublicationStatus>
      <types1:PublishedBy>ewidjaja</types1:PublishedBy>
      <types1:PublicationDate>2018-08-09T19:56:01Z</types1:PublicationDate>
      <types1:PublishedContributionId>project:/rt.connection/Thomas-Bayer-actions/Thomas-Bayer-actions.conn.xml</types1:PublishedContributionId>
      <types1:AutosaveExists>false</types1:AutosaveExists>
      <types1:Entry>
         <connection xmlns="http://schemas.informatica.com/socrates/data-services/2014/04/avosConnections.xsd"
                     displayName="Thomas-Bayer-actions"
                     label="Thomas-Bayer-actions"
                     name="Thomas-Bayer-actions">
            <description/>
            <tags/>
            <agent/>
            <attributes/>
            <businessConnector xmlns="http://schemas.informatica.com/appmodules/screenflow/2014/04/avosConnectors.xsd"
                               agentOnly="false"
                               connectorPath="project:/rt.connector/Thomas_Bayer/Thomas_Bayer_svcDef.xml"
                               name="Thomas_Bayer"
                               supportsConnectionTest="false"
                               uuid="982d53c4-a0a3-427d-be2a-4d86fe20e65e">
               <description>Invoice actions from Thomas-Bayer.com</description>
            </businessConnector>
         </connection>
      </types1:Entry>
      <types1:GUID>4xfmlkJTLOHi7NTnFQUc0D</types1:GUID>
      <types1:DisplayName>Thomas-Bayer-actions</types1:DisplayName>
   </types1:Item>
   <types1:CurrentServerDateTime>2018-10-19T00:14:20.313Z</types1:CurrentServerDateTime>
</aetgt:getResponse>
