<aetgt:getResponse xmlns:aetgt="http://schemas.active-endpoints.com/appmodules/repository/2010/10/avrepository.xsd"
                   xmlns:types1="http://schemas.active-endpoints.com/appmodules/repository/2010/10/avrepository.xsd">
   <types1:Item>
      <types1:EntryId>YwDxomUhGdwOLIF-gt-87737-2018-08-09T19:53:21.808Z::pd.xml</types1:EntryId>
      <types1:Name>Initiate_Order</types1:Name>
      <types1:MimeType>application/xml+process</types1:MimeType>
      <types1:Description>Initiates orders taking as input CustomerName, CustomerEmail, ItemName, and ItemCount</types1:Description>
      <types1:AppliesTo/>
      <types1:Tags/>
      <types1:VersionLabel>1.0</types1:VersionLabel>
      <types1:State>CURRENT</types1:State>
      <types1:ProcessGroup/>
      <types1:CreatedBy>ewidjaja</types1:CreatedBy>
      <types1:CreationDate>2018-08-09T19:53:22Z</types1:CreationDate>
      <types1:ModifiedBy/>
      <types1:PublicationStatus>published</types1:PublicationStatus>
      <types1:PublishedBy>ewidjaja</types1:PublishedBy>
      <types1:PublicationDate>2018-08-09T19:55:42Z</types1:PublicationDate>
      <types1:PublishedContributionId>project:/spi.Initiate_Order/Initiate_Order.pd.xml</types1:PublishedContributionId>
      <types1:AutosaveExists>false</types1:AutosaveExists>
      <types1:Entry>
         <process xmlns="http://schemas.active-endpoints.com/appmodules/screenflow/2010/10/avosScreenflow.xsd"
                  xmlns:list="urn:activevos:spi:list:functions"
                  displayName="Initiate Order"
                  name="Initiate_Order">
            <appliesTo/>
            <description>Initiates orders taking as input CustomerName, CustomerEmail, ItemName, and ItemCount</description>
            <tags/>
            <generator>Informatica Process Designer 9</generator>
            <input>
               <parameter description="Name of the Customer"
                          name="CustomerName"
                          required="true"
                          type="string">
                  <options>
                     <option name="required">false</option>
                  </options>
               </parameter>
               <parameter description="Email of the Customer"
                          name="CustomerEmail"
                          required="true"
                          type="string">
                  <options>
                     <option name="required">false</option>
                  </options>
               </parameter>
               <parameter description="Name of the Item"
                          name="ItemName"
                          required="true"
                          type="string">
                  <options>
                     <option name="required">false</option>
                  </options>
               </parameter>
               <parameter description="Number of units of the Item ordered"
                          name="ItemCount"
                          required="true"
                          type="int">
                  <options>
                     <option name="required">false</option>
                  </options>
               </parameter>
            </input>
            <output>
               <field description="Status of the order" name="Status" type="string">
                  <options>
                     <option name="required">false</option>
                  </options>
               </field>
               <field description="Order tracking reference number"
                      name="OrderID"
                      type="string">
                  <options>
                     <option name="required">false</option>
                  </options>
               </field>
               <field description="Price of the Item" name="ItemPrice" type="double">
                  <options>
                     <option name="required">false</option>
                  </options>
               </field>
               <field description="Price of the order - Item Price * Item Count"
                      name="OrderPrice"
                      type="double">
                  <options>
                     <option name="required">false</option>
                  </options>
               </field>
            </output>
            <tempFields>
               <field description="" name="InventoryDetails" type="reference">
                  <options>
                     <option name="referenceTo">Get-Margin-Detail:Calculate_Margin_ServiceRequest</option>
                     <option name="required">false</option>
                     <option name="isCopy">true</option>
                     <option name="guid">2ATjjum3hlcc5nXzQAPkUT</option>
                  </options>
               </field>
            </tempFields>
            <notes>Test with https://ai-pod1.staging5.infaqa.com/active-bpel/rt/Initiate_Order?CustomerName=TestUser&amp;CustomerEmail=TestUser@mailinator.com&amp;ItemName=item1&amp;ItemCount=2</notes>
            <deployment suspendOnFault="false" tracingLevel="verbose">
               <rest>
                  <allowedRoles>
                     <role>Service Consumer</role>
                  </allowedRoles>
               </rest>
            </deployment>
            <flow id="a">
               <start id="b">
                  <link id="jgynv37d" targetId="jgyu9fy9"/>
               </start>
               <eventContainer id="jgyu9fy9">
                  <service id="jgynv37c">
                     <title>getInventoryDetail</title>
                     <serviceName>Get-Inventory-Detail:getInventoryDetail</serviceName>
                     <serviceGUID>a8kXHGUl9jPkXlDmRV9VoI</serviceGUID>
                     <serviceInput>
                        <parameter name="ItemName" source="field" updatable="true">input.ItemName</parameter>
                     </serviceInput>
                  </service>
                  <flow id="jgyu9fyb">
                     <container id="jhcez2v9" type="exclusive">
                        <title>Check if Item exists</title>
                        <flow id="jhcez2vd">
                           <assignment id="jhcez2y3">
                              <title>Assign Order Details</title>
                              <operation source="constant" to="output.Status">Your order is accepted.</operation>
                              <operation source="formula" to="output.OrderID">
                                 <expression language="XQuery">util:getProcessId()</expression>
                              </operation>
                              <operation source="field" to="output.ItemPrice">output.Item[1]/sellprice</operation>
                              <operation source="formula" to="output.OrderPrice">
                                 <expression language="XQuery">$output.ItemPrice * $input.ItemCount </expression>
                              </operation>
                              <operation source="field" to="temp.InventoryDetails[1]/ItemCostPrice">output.Item[1]/costprice</operation>
                              <operation source="field" to="temp.InventoryDetails[1]/ItemCount">input.ItemCount</operation>
                              <operation source="field" to="temp.InventoryDetails[1]/ItemSellingPrice">output.Item[1]/sellprice</operation>
                              <operation source="field"
                                         to="temp.InventoryDetails[1]/SalesCommissionInPercentage">output.Item[1]/commission</operation>
                              <link id="jhcez2y4" targetId="jhcez2w9"/>
                           </assignment>
                           <service id="jhcez2w9">
                              <title>Get Margin Detail</title>
                              <serviceName>Get-Margin-Detail:Calculate_Margin_ServiceOperation</serviceName>
                              <serviceGUID>2ATjjum3hlcc5nXzQAPkUT</serviceGUID>
                              <serviceInput>
                                 <parameter name="body" source="field">temp.InventoryDetails</parameter>
                              </serviceInput>
                              <link id="jhcez2x2" targetId="jhcez2wt"/>
                           </service>
                           <container id="jhcez2wt" type="parallel">
                              <title>Send Emails</title>
                              <flow id="jhcez2wu">
                                 <subflow id="jht7hblq">
                                    <title>Send Email to Consumer</title>
                                    <subflowGUID>37PdFGsPpsygSac5tYVu45</subflowGUID>
                                    <subflowPath>Send_Email</subflowPath>
                                    <runForEach>false</runForEach>
                                    <input>
                                       <parameter name="EmailAddress" source="field" updatable="true">input.CustomerEmail</parameter>
                                       <parameter name="Message" source="formula" updatable="true">
                                          <expression language="XQuery">fn:concat ("Dear ", $input.CustomerName, ", Thanks for ordering.", "\n\nYour order ID is: ", $output.OrderID, ". We will deliver your order in 7 days.")</expression>
                                       </parameter>
                                    </input>
                                    <outputDef/>
                                 </subflow>
                                 <link id="jhcez2x0" targetId="jhcez2wt" type="containerLink"/>
                              </flow>
                              <flow id="jhcez2ww">
                                 <subflow id="jht76vjx">
                                    <title>Send Email to Vendor</title>
                                    <subflowGUID>37PdFGsPpsygSac5tYVu45</subflowGUID>
                                    <subflowPath>Send_Email</subflowPath>
                                    <runForEach>false</runForEach>
                                    <input>
                                       <parameter name="EmailAddress" source="constant" updatable="true">testvendor@mailinator.com</parameter>
                                       <parameter name="Message" source="formula" updatable="true">
                                          <expression language="XQuery">fn:concat ("Order has been accepted. The order ID is: ", $output.OrderID, ". Please note below details for your records.\n", "  \nOverall Profit: ", $output.Calculate_Margin_ServiceResponse[1]/MarginBeforeCommission   ,"\nSales Commission: ", $output.Calculate_Margin_ServiceResponse[1]/SalesCommission,"\nProfit after Commission: ", $output.Calculate_Margin_ServiceResponse[1]/MarginAfterCommission )</expression>
                                       </parameter>
                                    </input>
                                    <outputDef/>
                                 </subflow>
                                 <link id="jhcez2x1" targetId="jhcez2wt" type="containerLink"/>
                              </flow>
                              <link id="jhcez2wy" targetId="jhcez2wu" type="containerLink"/>
                              <link id="jhcez2wz" targetId="jhcez2ww" type="containerLink"/>
                           </container>
                           <link id="jhcez2ve" targetId="jhcez2v9" type="containerLink"/>
                        </flow>
                        <flow id="jhcez2vg">
                           <assignment id="jhcez2yv">
                              <title>Set status as Item Not Found</title>
                              <operation source="constant" to="output.Status">Item not in stock. Apologies for the inconvenience</operation>
                           </assignment>
                           <link id="jhcez2vh" targetId="jhcez2v9" type="containerLink"/>
                        </flow>
                        <link id="jhcez2vc" targetId="jhcez2vd" type="containerLink">
                           <condition source="formula">
                              <function name="true">
                                 <arg name="field">{$output.ItemFound}</arg>
                              </function>
                           </condition>
                        </link>
                        <link id="jhcez2vf" targetId="jhcez2vg" type="containerLink">
                           <condition source="formula">
                              <function name="false">
                                 <arg name="field">{$output.ItemFound}</arg>
                              </function>
                           </condition>
                        </link>
                     </container>
                     <link id="jgyu9fyc" targetId="jgyu9fy9" type="containerLink"/>
                  </flow>
                  <flow id="jgyu9fye">
                     <assignment id="jgyu9g0i">
                        <title>Invalid item name format</title>
                        <operation source="constant" to="output.Status">Invalid item code</operation>
                     </assignment>
                     <link id="jgyu9fyf" targetId="jgyu9fy9" type="containerLink"/>
                  </flow>
                  <link id="jgyu9fya" targetId="jgyu9fyb" type="containerLink"/>
                  <link id="jgyu9fzs" targetId="c"/>
                  <events>
                     <catch faultField="faultInfo" id="jgyu9fy8" interrupting="true">
                        <link id="jgyu9fyd" targetId="jgyu9fye" type="containerLink"/>
                     </catch>
                  </events>
               </eventContainer>
               <end id="c"/>
            </flow>
         </process>
      </types1:Entry>
      <types1:GUID>8JBu66BUJLTj7odyiOU7uk</types1:GUID>
      <types1:DisplayName>Initiate Order</types1:DisplayName>
   </types1:Item>
   <types1:CurrentServerDateTime>2018-10-19T00:13:17.002Z</types1:CurrentServerDateTime>
</aetgt:getResponse>
