{
  "name" : "Shared Services-1539908065966",
  "sourceOrgId" : "15bbbYLtRcObRhlx9wUa0X",
  "sourceOrgName" : "Google Inc",
  "exportedObjects" : [ {
    "objectGuid" : "2fJJXFUQ5lXdJp1H4eBqim",
    "objectName" : "Connections",
    "objectType" : "Folder",
    "path" : "/Explore/Shared Services",
    "metadata" : {
      "modelVersion" : {
        "major" : 0,
        "minor" : 0
      },
      "repoInfo" : null,
      "objectRefs" : [ ],
      "contextAttributes" : [ ],
      "additionalInfo" : {
        "description" : "",
        "contentType" : "Binary",
        "documentState" : "COMPLETE"
      }
    }
  }, {
    "objectGuid" : "4lxYAQ7ZFIefzStL5MnpEl",
    "objectName" : "Shared Services",
    "objectType" : "Project",
    "path" : "/Explore",
    "metadata" : {
      "modelVersion" : {
        "major" : 0,
        "minor" : 0
      },
      "repoInfo" : null,
      "objectRefs" : [ ],
      "contextAttributes" : [ ],
      "additionalInfo" : {
        "description" : "Shared services",
        "contentType" : "Binary",
        "documentState" : "COMPLETE"
      }
    }
  }, {
    "objectGuid" : "37PdFGsPpsygSac5tYVu45",
    "objectName" : "Send Email",
    "objectType" : "PROCESS",
    "path" : "/Explore/Shared Services",
    "metadata" : {
      "modelVersion" : {
        "major" : 1,
        "minor" : 0
      },
      "repoInfo" : {
        "repoHandle" : "tGUkdypKwKBqRi9-gt-82688-2018-08-09T19:53:21.308Z::pd.xml"
      },
      "objectRefs" : [ "8L33JO0JDPSj3NSucTMb2r" ],
      "contextAttributes" : null,
      "additionalInfo" : {
        "description" : "",
        "contentType" : "application/json; charset=utf-8",
        "documentState" : "VALID"
      }
    }
  }, {
    "objectGuid" : "lPqQEcw6JGLjqoOIR1fdqh",
    "objectName" : "Email Service",
    "objectType" : "AI_SERVICE_CONNECTOR",
    "path" : "/Explore/Shared Services/Connections",
    "metadata" : {
      "modelVersion" : {
        "major" : 1,
        "minor" : 0
      },
      "repoInfo" : {
        "repoHandle" : "MpqVVVVVVVVVVVV-gt-81474-2018-08-09T19:53:20.626Z::svc.xml"
      },
      "objectRefs" : [ ],
      "contextAttributes" : null,
      "additionalInfo" : {
        "description" : "testuser2 / password2#",
        "contentType" : "application/json; charset=utf-8",
        "documentState" : "VALID"
      }
    }
  }, {
    "objectGuid" : "8L33JO0JDPSj3NSucTMb2r",
    "objectName" : "Email-Service",
    "objectType" : "AI_CONNECTION",
    "path" : "/Explore/Shared Services/Connections",
    "metadata" : {
      "modelVersion" : {
        "major" : 1,
        "minor" : 0
      },
      "repoInfo" : {
        "repoHandle" : "Ky2uI5CUP9WYVMP-gt-87713-2018-08-09T19:53:20.586Z::conn.xml"
      },
      "objectRefs" : [ ],
      "contextAttributes" : null,
      "additionalInfo" : {
        "description" : "User: testuser2\nPwd: password2#",
        "contentType" : "application/json; charset=utf-8",
        "documentState" : "VALID"
      }
    }
  } ]
}