objectPath,objectName,objectType,id
/Explore/Dealer Services/Connections,FedExCn,AI_CONNECTION,dtdYrPFRAo3kmI709nUFcL
/Explore/Dealer Services/Connections,VIN-Decoder-NHTSA,AI_CONNECTION,5htROTj8fSMcASGXAPArSE
/Explore/Dealer Services/Connections,GetListfromVPIC,AI_SERVICE_CONNECTOR,lkVE9Wq56enjJbLaY3PNqZ
/Explore/Dealer Services/Connections,VIN Decoder - NHTSA,AI_SERVICE_CONNECTOR,2bpozARD3q0feZll70DUwb
/Explore/Dealer Services/Connections,GoogleGeoCode,AI_CONNECTION,5isp7MVmuGLdBHf1lF9f2q
/Explore/Dealer Services,Connections,Folder,avRm5Iq5P3UiD6mKIMgCwK
/Explore/Dealer Services,Create Delivery Package,PROCESS,0kabDCjR7uwgfDH8CKYyQc
/Explore/Dealer Services/Connections,GoogleGeocodeAPI,AI_SERVICE_CONNECTOR,kKt1YDmpECukZwhbLoOWwB
/Explore,Dealer Services,Project,4tAJ3BTwiohgINh1Wwsfg7
/Explore/Dealer Services/Connections,FedEx,AI_SERVICE_CONNECTOR,71LxToljwMGiCraRxKcyGv