{
  "name" : "Dealer Services-1539908088118",
  "sourceOrgId" : "15bbbYLtRcObRhlx9wUa0X",
  "sourceOrgName" : "Google Inc",
  "exportedObjects" : [ {
    "objectGuid" : "dtdYrPFRAo3kmI709nUFcL",
    "objectName" : "FedExCn",
    "objectType" : "AI_CONNECTION",
    "path" : "/Explore/Dealer Services/Connections",
    "metadata" : {
      "modelVersion" : {
        "major" : 1,
        "minor" : 0
      },
      "repoInfo" : {
        "repoHandle" : "yuRZXDyvs7xvk0q-gt-82706-2018-08-09T19:53:21.391Z::conn.xml"
      },
      "objectRefs" : [ "71LxToljwMGiCraRxKcyGv" ],
      "contextAttributes" : null,
      "additionalInfo" : {
        "description" : "",
        "contentType" : "application/json; charset=utf-8",
        "documentState" : "VALID"
      }
    }
  }, {
    "objectGuid" : "5htROTj8fSMcASGXAPArSE",
    "objectName" : "VIN-Decoder-NHTSA",
    "objectType" : "AI_CONNECTION",
    "path" : "/Explore/Dealer Services/Connections",
    "metadata" : {
      "modelVersion" : {
        "major" : 1,
        "minor" : 0
      },
      "repoInfo" : {
        "repoHandle" : "A6CjqFVNN5Kaaab-gt-82714-2018-08-09T19:53:21.423Z::conn.xml"
      },
      "objectRefs" : [ "2bpozARD3q0feZll70DUwb" ],
      "contextAttributes" : null,
      "additionalInfo" : {
        "description" : "",
        "contentType" : "application/json; charset=utf-8",
        "documentState" : "VALID"
      }
    }
  }, {
    "objectGuid" : "lkVE9Wq56enjJbLaY3PNqZ",
    "objectName" : "GetListfromVPIC",
    "objectType" : "AI_SERVICE_CONNECTOR",
    "path" : "/Explore/Dealer Services/Connections",
    "metadata" : {
      "modelVersion" : {
        "major" : 1,
        "minor" : 0
      },
      "repoInfo" : {
        "repoHandle" : "HPRPjAXhNUdyOoM-gt-81458-2018-08-09T19:53:20.535Z::svc.xml"
      },
      "objectRefs" : [ ],
      "contextAttributes" : null,
      "additionalInfo" : {
        "description" : "",
        "contentType" : "application/json; charset=utf-8",
        "documentState" : "VALID"
      }
    }
  }, {
    "objectGuid" : "2bpozARD3q0feZll70DUwb",
    "objectName" : "VIN Decoder - NHTSA",
    "objectType" : "AI_SERVICE_CONNECTOR",
    "path" : "/Explore/Dealer Services/Connections",
    "metadata" : {
      "modelVersion" : {
        "major" : 1,
        "minor" : 0
      },
      "repoInfo" : {
        "repoHandle" : "FIKUzeA8rJ4pbgc-gt-87697-2018-08-09T19:53:20.505Z::svc.xml"
      },
      "objectRefs" : [ ],
      "contextAttributes" : null,
      "additionalInfo" : {
        "description" : "",
        "contentType" : "application/json; charset=utf-8",
        "documentState" : "VALID"
      }
    }
  }, {
    "objectGuid" : "5isp7MVmuGLdBHf1lF9f2q",
    "objectName" : "GoogleGeoCode",
    "objectType" : "AI_CONNECTION",
    "path" : "/Explore/Dealer Services/Connections",
    "metadata" : {
      "modelVersion" : {
        "major" : 1,
        "minor" : 0
      },
      "repoInfo" : {
        "repoHandle" : "wM5rdsMkdypKwKB-gt-27512-2018-08-09T19:53:21.35Z::conn.xml"
      },
      "objectRefs" : [ "kKt1YDmpECukZwhbLoOWwB" ],
      "contextAttributes" : null,
      "additionalInfo" : {
        "description" : "",
        "contentType" : "application/json; charset=utf-8",
        "documentState" : "VALID"
      }
    }
  }, {
    "objectGuid" : "avRm5Iq5P3UiD6mKIMgCwK",
    "objectName" : "Connections",
    "objectType" : "Folder",
    "path" : "/Explore/Dealer Services",
    "metadata" : {
      "modelVersion" : {
        "major" : 0,
        "minor" : 0
      },
      "repoInfo" : null,
      "objectRefs" : [ ],
      "contextAttributes" : [ ],
      "additionalInfo" : {
        "description" : "",
        "contentType" : "Binary",
        "documentState" : "COMPLETE"
      }
    }
  }, {
    "objectGuid" : "0kabDCjR7uwgfDH8CKYyQc",
    "objectName" : "Create Delivery Package",
    "objectType" : "PROCESS",
    "path" : "/Explore/Dealer Services",
    "metadata" : {
      "modelVersion" : {
        "major" : 1,
        "minor" : 0
      },
      "repoInfo" : {
        "repoHandle" : "37D2L5SeE1KoJBU-gt-87747-2018-08-09T19:53:21.871Z::pd.xml"
      },
      "objectRefs" : [ "dtdYrPFRAo3kmI709nUFcL", "5htROTj8fSMcASGXAPArSE", "5isp7MVmuGLdBHf1lF9f2q" ],
      "contextAttributes" : null,
      "additionalInfo" : {
        "description" : "Test with Fedex Tracking Numbers:  437015521460, 437015521460, 437015521460, 437015521460 and VINs: 3VW4T7AU7FM012135, 1G6DC67A050176745, 4T3ZF13CX2U459682.\n\nThe Create Delivery Package service creates a delivery record in the Salesforce CRM based using as input a Fedex tracking number and a vehicle VIN. A geocode lookup is made to provide the lat/long for the delivery. This data is held in the CRM once a delivery package is created.",
        "contentType" : "application/json; charset=utf-8",
        "documentState" : "VALID"
      }
    }
  }, {
    "objectGuid" : "kKt1YDmpECukZwhbLoOWwB",
    "objectName" : "GoogleGeocodeAPI",
    "objectType" : "AI_SERVICE_CONNECTOR",
    "path" : "/Explore/Dealer Services/Connections",
    "metadata" : {
      "modelVersion" : {
        "major" : 1,
        "minor" : 0
      },
      "repoInfo" : {
        "repoHandle" : "fT7xvk0qZF3a-gt-25215-2018-08-09T19:53:21.08Z::svc.xml"
      },
      "objectRefs" : [ ],
      "contextAttributes" : null,
      "additionalInfo" : {
        "description" : "Use Google's Simple Geocoding Web Service.  Takes an Address and returns a Lat & Lng",
        "contentType" : "application/json; charset=utf-8",
        "documentState" : "VALID"
      }
    }
  }, {
    "objectGuid" : "4tAJ3BTwiohgINh1Wwsfg7",
    "objectName" : "Dealer Services",
    "objectType" : "Project",
    "path" : "/Explore",
    "metadata" : {
      "modelVersion" : {
        "major" : 0,
        "minor" : 0
      },
      "repoInfo" : null,
      "objectRefs" : [ ],
      "contextAttributes" : [ ],
      "additionalInfo" : {
        "description" : "Delivery package creation and the recall notice verification services for automotive dealers. ",
        "contentType" : "Binary",
        "documentState" : "COMPLETE"
      }
    }
  }, {
    "objectGuid" : "71LxToljwMGiCraRxKcyGv",
    "objectName" : "FedEx",
    "objectType" : "AI_SERVICE_CONNECTOR",
    "path" : "/Explore/Dealer Services/Connections",
    "metadata" : {
      "modelVersion" : {
        "major" : 1,
        "minor" : 0
      },
      "repoInfo" : {
        "repoHandle" : "EGuDoWn2sqeErhN-gt-81450-2018-08-09T19:53:20.49Z::svc.xml"
      },
      "objectRefs" : [ ],
      "contextAttributes" : null,
      "additionalInfo" : {
        "description" : "Gets delivery status using tracking #",
        "contentType" : "application/json; charset=utf-8",
        "documentState" : "VALID"
      }
    }
  } ]
}