<aetgt:getResponse xmlns:aetgt="http://schemas.active-endpoints.com/appmodules/repository/2010/10/avrepository.xsd"
                   xmlns:types1="http://schemas.active-endpoints.com/appmodules/repository/2010/10/avrepository.xsd">
   <types1:Item>
      <types1:EntryId>pG3jFIMeINciZBp-gt-26404-2018-08-09T19:58:25.255Z::conn.xml</types1:EntryId>
      <types1:Name>GoogleApigeeEdgeConnection</types1:Name>
      <types1:MimeType>application/xml+connection</types1:MimeType>
      <types1:Description/>
      <types1:AppliesTo/>
      <types1:Tags/>
      <types1:VersionLabel>1.0</types1:VersionLabel>
      <types1:State>CURRENT</types1:State>
      <types1:ProcessGroup/>
      <types1:CreatedBy>ewidjaja</types1:CreatedBy>
      <types1:CreationDate>2018-08-09T19:58:25Z</types1:CreationDate>
      <types1:ModifiedBy>hanselm@google.com</types1:ModifiedBy>
      <types1:ModificationDate>2018-08-09T20:59:42Z</types1:ModificationDate>
      <types1:PublicationStatus>published</types1:PublicationStatus>
      <types1:PublishedBy>hanselm@google.com</types1:PublishedBy>
      <types1:PublicationDate>2018-08-09T21:00:12Z</types1:PublicationDate>
      <types1:PublishedContributionId>project:/rt.connection/GoogleApigeeEdgeConnection/GoogleApigeeEdgeConnection.conn.xml</types1:PublishedContributionId>
      <types1:AutosaveExists>false</types1:AutosaveExists>
      <types1:Entry>
         <connection xmlns="http://schemas.informatica.com/socrates/data-services/2014/04/avosConnections.xsd"
                     displayName="GoogleApigeeEdgeConnection"
                     label="GoogleApigeeEdgeConnection"
                     name="GoogleApigeeEdgeConnection">
            <description/>
            <tags/>
            <agent/>
            <attributes>
               <attribute encrypted="false" name="username" value="hanselm@google.com"/>
               <attribute encrypted="true" name="password" value=""/>
            </attributes>
            <businessConnector xmlns="http://schemas.informatica.com/appmodules/screenflow/2014/04/avosConnectors.xsd"
                               agentOnly="false"
                               connectorPath="project:/rt.connector/Google_Apigee_Edge_Integration/Google_Apigee_Edge_Integration_svcDef.xml"
                               licenseId="1zi6ag1BwiRiHoI6KbDQwm"
                               name="Google_Apigee_Edge_Integration"
                               supportsConnectionTest="false"
                               uuid="539eeeca-9524-42f0-a38c-a120009c9e7f">
               <description>
Service connector definition XML. Defines API interfaces for invoking Apigee's management API.
This connector is available to tenants with "Google Apigee Cloud App Integration Features" license enabled.

** Note On how this file was created **
The service connector was created and published using Cloud "Application Integration" UI 
and then the XML was copy/pasted from Process Console Catalog/Contributions Resource Details UI.
Some minor edits have been done to the XML directly just for development efficiency reasons.

** Options to modify this definition:
Option 1: Directly edit this file here.
Option 2: Create a dummy service connector in your development environment. Replace its XML in AeEntry table with this one and edit it using UI
   </description>
            </businessConnector>
         </connection>
      </types1:Entry>
      <types1:GUID>1Trq2dUF8DGlnRioxSul8F</types1:GUID>
      <types1:DisplayName>GoogleApigeeEdgeConnection</types1:DisplayName>
   </types1:Item>
   <types1:CurrentServerDateTime>2018-10-19T00:05:51.027Z</types1:CurrentServerDateTime>
</aetgt:getResponse>
