{"EntryId":{"$t":"Pzjlybduaa-gt-440-2018-07-04T11:39:50.67Z::conn.xml"},"Name":{"$t":"GoogleApigeeEdgeConnection"},"MimeType":{"$t":"application\/xml+connection"},"Description":{},"AppliesTo":{},"Tags":{},"VersionLabel":{"$t":"1.0"},"State":{"$t":"CURRENT"},"ProcessGroup":{},"CreatedBy":{"$t":"user9@localmachine.com"},"CreationDate":{"$t":"2018-07-04T11:39:51Z"},"ModifiedBy":{"$t":"user9@localmachine.com"},"ModificationDate":{"$t":"2018-07-06T05:58:58Z"},"PublicationStatus":{"$t":"unpublished"},"AutosaveExists":{"$t":"false"},"Entry":{"connection":{"displayName":"GoogleApigeeEdgeConnection","label":"GoogleApigeeEdgeConnection","name":"GoogleApigeeEdgeConnection","xmlns":"http:\/\/schemas.informatica.com\/socrates\/data-services\/2014\/04\/avosConnections.xsd","xmlns$aetgt":"http:\/\/schemas.active-endpoints.com\/appmodules\/repository\/2010\/10\/avrepository.xsd","description":{},"tags":{},"agent":{},"attributes":{"attribute":[{"encrypted":"false","name":"username","value":"<enter Google Apigee Account Login Name>"},{"encrypted":"true","name":"password","value":""}]},"businessConnector":{"agentOnly":"false","connectorPath":"project:\/rt.connector\/Google_Apigee_Edge_Integration\/Google_Apigee_Edge_Integration_svcDef.xml","licenseId":"1zi6ag1BwiRiHoI6KbDQwm","name":"Google_Apigee_Edge_Integration","supportsConnectionTest":"false","uuid":"539eeeca-9524-42f0-a38c-a120009c9e7f","xmlns":"http:\/\/schemas.informatica.com\/appmodules\/screenflow\/2014\/04\/avosConnectors.xsd","description":{"$t":"\nService connector definition XML. Defines API interfaces for invoking Apigee's management API.\nThis connector is available to tenants with \"Google Apigee Cloud App Integration Features\" license enabled.\n\n** Note On how this file was created **\nThe service connector was created and published using Cloud \"Application Integration\" UI \nand then the XML was copy\/pasted from Process Console Catalog\/Contributions Resource Details UI.\nSome minor edits have been done to the XML directly just for development efficiency reasons.\n\n** Options to modify this definition:\nOption 1: Directly edit this file here.\nOption 2: Create a dummy service connector in your development environment. Replace its XML in AeEntry table with this one and edit it using UI\n   "}}}},"GUID":{"$t":"5HYX6aHttsjfAfiV52kkA7"},"DisplayName":{"$t":"GoogleApigeeEdgeConnection"}}