{
  "name" : "Invoice Processing-1539908056647",
  "sourceOrgId" : "15bbbYLtRcObRhlx9wUa0X",
  "sourceOrgName" : "Google Inc",
  "exportedObjects" : [ {
    "objectGuid" : "feM9RviFJs9gvN2NPfd5sk",
    "objectName" : "Lookup Invoice and Customer Details",
    "objectType" : "PROCESS",
    "path" : "/Explore/Invoice Processing",
    "metadata" : {
      "modelVersion" : {
        "major" : 1,
        "minor" : 0
      },
      "repoInfo" : {
        "repoHandle" : "w6xqPVEQrXhNUdy-gt-82698-2018-08-09T19:53:21.359Z::pd.xml"
      },
      "objectRefs" : [ "4xfmlkJTLOHi7NTnFQUc0D" ],
      "contextAttributes" : null,
      "additionalInfo" : {
        "description" : "Returns invoice and customer data. Test with invoiceID_in=0..49",
        "contentType" : "application/json; charset=utf-8",
        "documentState" : "VALID"
      }
    }
  }, {
    "objectGuid" : "7thml2ihguylJwRdpgEv8Q",
    "objectName" : "Thomas Bayer",
    "objectType" : "AI_SERVICE_CONNECTOR",
    "path" : "/Explore/Invoice Processing/Connections",
    "metadata" : {
      "modelVersion" : {
        "major" : 1,
        "minor" : 0
      },
      "repoInfo" : {
        "repoHandle" : "BUCZ4nzYLnzYLnz-gt-81442-2018-08-09T19:53:20.444Z::svc.xml"
      },
      "objectRefs" : [ ],
      "contextAttributes" : null,
      "additionalInfo" : {
        "description" : "Invoice actions from Thomas-Bayer.com",
        "contentType" : "application/json; charset=utf-8",
        "documentState" : "VALID"
      }
    }
  }, {
    "objectGuid" : "4xfmlkJTLOHi7NTnFQUc0D",
    "objectName" : "Thomas-Bayer-actions",
    "objectType" : "AI_CONNECTION",
    "path" : "/Explore/Invoice Processing/Connections",
    "metadata" : {
      "modelVersion" : {
        "major" : 1,
        "minor" : 0
      },
      "repoInfo" : {
        "repoHandle" : "MiRW8UBM7zsZvEI-gt-87721-2018-08-09T19:53:20.617Z::conn.xml"
      },
      "objectRefs" : [ ],
      "contextAttributes" : null,
      "additionalInfo" : {
        "description" : "",
        "contentType" : "application/json; charset=utf-8",
        "documentState" : "VALID"
      }
    }
  }, {
    "objectGuid" : "1KlaWnEf7ahktrYyTzWM8z",
    "objectName" : "Invoice Processing",
    "objectType" : "Project",
    "path" : "/Explore",
    "metadata" : {
      "modelVersion" : {
        "major" : 0,
        "minor" : 0
      },
      "repoInfo" : null,
      "objectRefs" : [ ],
      "contextAttributes" : [ ],
      "additionalInfo" : {
        "description" : "Invoice and customer data lookup services ",
        "contentType" : "Binary",
        "documentState" : "COMPLETE"
      }
    }
  }, {
    "objectGuid" : "2WKs8Br8K2Vf56Sn5S05U1",
    "objectName" : "Connections",
    "objectType" : "Folder",
    "path" : "/Explore/Invoice Processing",
    "metadata" : {
      "modelVersion" : {
        "major" : 0,
        "minor" : 0
      },
      "repoInfo" : null,
      "objectRefs" : [ ],
      "contextAttributes" : [ ],
      "additionalInfo" : {
        "description" : "",
        "contentType" : "Binary",
        "documentState" : "COMPLETE"
      }
    }
  } ]
}