{
  "name" : "Order Processing-1539908009664",
  "sourceOrgId" : "15bbbYLtRcObRhlx9wUa0X",
  "sourceOrgName" : "Google Inc",
  "exportedObjects" : [ {
    "objectGuid" : "2GOHdz5OsGseaqgcBPwqAB",
    "objectName" : "OrderProcessor-ProcessPayment",
    "objectType" : "PROCESS",
    "path" : "/Explore/Order Processing",
    "metadata" : {
      "modelVersion" : {
        "major" : 1,
        "minor" : 0
      },
      "repoInfo" : {
        "repoHandle" : "ciW7eLyCnNZPD4A-gt-82647-2018-08-09T19:53:20.036Z::pd.xml"
      },
      "objectRefs" : [ ],
      "contextAttributes" : null,
      "additionalInfo" : {
        "description" : "",
        "contentType" : "application/json; charset=utf-8",
        "documentState" : "VALID"
      }
    }
  }, {
    "objectGuid" : "5F2tTL6srwak6uPx4xWNib",
    "objectName" : "OrderProcessor-Procurement",
    "objectType" : "PROCESS",
    "path" : "/Explore/Order Processing",
    "metadata" : {
      "modelVersion" : {
        "major" : 1,
        "minor" : 0
      },
      "repoInfo" : {
        "repoHandle" : "iTk08jIw8jIw8jI-gt-82667-2018-08-09T19:53:20.131Z::pd.xml"
      },
      "objectRefs" : [ ],
      "contextAttributes" : null,
      "additionalInfo" : {
        "description" : "",
        "contentType" : "application/json; charset=utf-8",
        "documentState" : "VALID"
      }
    }
  }, {
    "objectGuid" : "5xZf4toMiVUgUS4JLKXlEq",
    "objectName" : "OrderProcessor",
    "objectType" : "PROCESS",
    "path" : "/Explore/Order Processing",
    "metadata" : {
      "modelVersion" : {
        "major" : 1,
        "minor" : 0
      },
      "repoInfo" : {
        "repoHandle" : "CJljxcghuImXyco-gt-87689-2018-08-09T19:53:20.464Z::pd.xml"
      },
      "objectRefs" : [ "2GOHdz5OsGseaqgcBPwqAB" ],
      "contextAttributes" : null,
      "additionalInfo" : {
        "description" : "Input fields: itemName and itemCount",
        "contentType" : "application/json; charset=utf-8",
        "documentState" : "VALID"
      }
    }
  }, {
    "objectGuid" : "3iKrHzNd2EVlciqcAmS6Q1",
    "objectName" : "Order Processing",
    "objectType" : "Project",
    "path" : "/Explore",
    "metadata" : {
      "modelVersion" : {
        "major" : 0,
        "minor" : 0
      },
      "repoInfo" : null,
      "objectRefs" : [ ],
      "contextAttributes" : [ ],
      "additionalInfo" : {
        "description" : "Order processing services",
        "contentType" : "Binary",
        "documentState" : "COMPLETE"
      }
    }
  } ]
}