<aetgt:getResponse xmlns:aetgt="http://schemas.active-endpoints.com/appmodules/repository/2010/10/avrepository.xsd"
                   xmlns:types1="http://schemas.active-endpoints.com/appmodules/repository/2010/10/avrepository.xsd">
   <types1:Item>
      <types1:EntryId>tGUkdypKwKBqRi9-gt-82688-2018-08-09T19:53:21.308Z::pd.xml</types1:EntryId>
      <types1:Name>Send_Email</types1:Name>
      <types1:ParentFlowIds>YwDxomUhGdwOLIF-gt-87737-2018-08-09T19:53:21.808Z::pd.xml,6DfYLnzYLnzYLnz-gt-87757-2018-08-09T19:53:21.924Z::pd.xml</types1:ParentFlowIds>
      <types1:MimeType>application/xml+process</types1:MimeType>
      <types1:Description/>
      <types1:AppliesTo/>
      <types1:Tags>.anonymous</types1:Tags>
      <types1:VersionLabel>1.0</types1:VersionLabel>
      <types1:State>CURRENT</types1:State>
      <types1:ProcessGroup/>
      <types1:CreatedBy>ewidjaja</types1:CreatedBy>
      <types1:CreationDate>2018-08-09T19:53:21Z</types1:CreationDate>
      <types1:ModifiedBy/>
      <types1:PublicationStatus>published</types1:PublicationStatus>
      <types1:PublishedBy>ewidjaja</types1:PublishedBy>
      <types1:PublicationDate>2018-08-09T19:56:28Z</types1:PublicationDate>
      <types1:PublishedContributionId>project:/spi.Send_Email/Send_Email.pd.xml</types1:PublishedContributionId>
      <types1:AutosaveExists>false</types1:AutosaveExists>
      <types1:Entry>
         <process xmlns="http://schemas.active-endpoints.com/appmodules/screenflow/2010/10/avosScreenflow.xsd"
                  xmlns:list="urn:activevos:spi:list:functions"
                  displayName="Send Email"
                  name="Send_Email">
            <appliesTo/>
            <description/>
            <tags>.anonymous</tags>
            <generator>Informatica Process Designer 9</generator>
            <input>
               <parameter description="" name="EmailAddress" type="string">
                  <options>
                     <option name="required">false</option>
                  </options>
               </parameter>
               <parameter description="" name="Message" type="string">
                  <options>
                     <option name="required">false</option>
                  </options>
               </parameter>
            </input>
            <tempFields>
               <field description="" name="Email" type="reference">
                  <options>
                     <option name="referenceTo">Email-Service:Email_ServiceRequest</option>
                     <option name="required">false</option>
                     <option name="isCopy">true</option>
                     <option name="guid">8L33JO0JDPSj3NSucTMb2r</option>
                  </options>
               </field>
            </tempFields>
            <notes/>
            <deployment suspendOnFault="true" tracingLevel="verbose">
               <rest>
                  <allowAnonymousAccess/>
               </rest>
            </deployment>
            <flow id="a">
               <start id="b">
                  <link id="jgyutpor" targetId="jgyutpoq"/>
               </start>
               <assignment id="jgyutpoq">
                  <title>Create Email</title>
                  <operation source="field" to="temp.Email[1]/Message">input.Message</operation>
                  <operation source="field" to="temp.Email[1]/SendTo">input.EmailAddress</operation>
                  <link id="jgyutpp1" targetId="jgyutpp0"/>
               </assignment>
               <service id="jgyutpp0">
                  <title>Call Email Service</title>
                  <serviceName>Email-Service:Email_ServiceOperation</serviceName>
                  <serviceGUID>8L33JO0JDPSj3NSucTMb2r</serviceGUID>
                  <serviceInput>
                     <parameter name="body" source="field">temp.Email</parameter>
                  </serviceInput>
                  <link id="jgyutpp2" targetId="c"/>
               </service>
               <end id="c"/>
            </flow>
         </process>
      </types1:Entry>
      <types1:GUID>37PdFGsPpsygSac5tYVu45</types1:GUID>
      <types1:DisplayName>Send Email</types1:DisplayName>
   </types1:Item>
   <types1:CurrentServerDateTime>2018-10-19T00:14:31.299Z</types1:CurrentServerDateTime>
</aetgt:getResponse>
