<aetgt:getResponse xmlns:aetgt="http://schemas.active-endpoints.com/appmodules/repository/2010/10/avrepository.xsd"
                   xmlns:types1="http://schemas.active-endpoints.com/appmodules/repository/2010/10/avrepository.xsd">
   <types1:Item>
      <types1:EntryId>w6xqPVEQrXhNUdy-gt-82698-2018-08-09T19:53:21.359Z::pd.xml</types1:EntryId>
      <types1:Name>Lookup_Invoice_and_Customer_Details</types1:Name>
      <types1:MimeType>application/xml+process</types1:MimeType>
      <types1:Description>Returns invoice and customer data. Test with invoiceID_in=0..49</types1:Description>
      <types1:AppliesTo/>
      <types1:Tags/>
      <types1:VersionLabel>1.0</types1:VersionLabel>
      <types1:State>CURRENT</types1:State>
      <types1:ProcessGroup/>
      <types1:CreatedBy>ewidjaja</types1:CreatedBy>
      <types1:CreationDate>2018-08-09T19:53:21Z</types1:CreationDate>
      <types1:ModifiedBy/>
      <types1:PublicationStatus>published</types1:PublicationStatus>
      <types1:PublishedBy>ewidjaja</types1:PublishedBy>
      <types1:PublicationDate>2018-08-09T19:56:11Z</types1:PublicationDate>
      <types1:PublishedContributionId>project:/spi.Lookup_Invoice_and_Customer_Details/Lookup_Invoice_and_Customer_Details.pd.xml</types1:PublishedContributionId>
      <types1:AutosaveExists>false</types1:AutosaveExists>
      <types1:Entry>
         <process xmlns="http://schemas.active-endpoints.com/appmodules/screenflow/2010/10/avosScreenflow.xsd"
                  xmlns:list="urn:activevos:spi:list:functions"
                  displayName="Lookup Invoice and Customer Details"
                  name="Lookup_Invoice_and_Customer_Details">
            <appliesTo/>
            <description>Returns invoice and customer data. Test with invoiceID_in=0..49</description>
            <tags/>
            <generator>Informatica Process Designer 9</generator>
            <input>
               <parameter description=""
                          name="invoiceID_in"
                          required="true"
                          type="string">
                  <options>
                     <option name="required">false</option>
                  </options>
               </parameter>
            </input>
            <output>
               <field description="" name="INVOICEID" type="string">
                  <options>
                     <option name="required">false</option>
                  </options>
               </field>
               <field description="" name="CUSTOMERID" type="string">
                  <options>
                     <option name="required">false</option>
                  </options>
               </field>
               <field description="" name="TOTAL" type="string">
                  <options>
                     <option name="required">false</option>
                  </options>
               </field>
               <field description="" name="FIRSTNAME" type="string">
                  <options>
                     <option name="required">false</option>
                  </options>
               </field>
               <field description="" name="LASTNAME" type="string">
                  <options>
                     <option name="required">false</option>
                  </options>
               </field>
               <field description="" name="STREET" type="string">
                  <options>
                     <option name="required">false</option>
                  </options>
               </field>
               <field description="" name="CITY" type="string">
                  <options>
                     <option name="required">false</option>
                  </options>
               </field>
               <field description="" name="Status" type="string">
                  <options>
                     <option name="required">false</option>
                  </options>
               </field>
            </output>
            <notes>test with https://ai-pod1.staging5.infaqa.com/active-bpel/rt/Lookup_Invoice_and_Customer_Details?invoiceID_in=12</notes>
            <deployment suspendOnFault="false" tracingLevel="verbose">
               <rest>
                  <allowedRoles>
                     <role>Service Consumer</role>
                  </allowedRoles>
               </rest>
            </deployment>
            <flow id="a">
               <start id="b">
                  <link id="jciig18k" targetId="jh6cijc5"/>
               </start>
               <eventContainer id="jh6cijc5">
                  <service id="jciig18j">
                     <title>Get Invoice Details</title>
                     <serviceName>Thomas-Bayer-actions:getInvoice</serviceName>
                     <serviceGUID>4xfmlkJTLOHi7NTnFQUc0D</serviceGUID>
                     <serviceInput>
                        <parameter name="invoiceID" source="field" updatable="true">input.invoiceID_in</parameter>
                     </serviceInput>
                  </service>
                  <flow id="jh6cijc7">
                     <service id="jh6cijcf">
                        <title>Get Customer Details</title>
                        <serviceName>Thomas-Bayer-actions:getCustomer</serviceName>
                        <serviceGUID>4xfmlkJTLOHi7NTnFQUc0D</serviceGUID>
                        <serviceInput>
                           <parameter name="customerID" source="field" updatable="true">output.CUSTOMERID</parameter>
                        </serviceInput>
                     </service>
                     <link id="jh6cijc8" targetId="jh6cijc5" type="containerLink"/>
                  </flow>
                  <flow id="jh6cijca">
                     <assignment id="jh6cijcw">
                        <title>Set fault Status</title>
                        <operation source="constant" to="output.Status">Please provide valid Invoice ID between 0 and 49.</operation>
                     </assignment>
                     <link id="jh6cijcb" targetId="jh6cijc5" type="containerLink"/>
                  </flow>
                  <link id="jh6cijc6" targetId="jh6cijc7" type="containerLink"/>
                  <link id="jh6cijce" targetId="c"/>
                  <events>
                     <catch faultField="faultInfo" id="jh6cijc4" interrupting="true">
                        <link id="jh6cijc9" targetId="jh6cijca" type="containerLink"/>
                     </catch>
                  </events>
               </eventContainer>
               <end id="c"/>
            </flow>
         </process>
      </types1:Entry>
      <types1:GUID>feM9RviFJs9gvN2NPfd5sk</types1:GUID>
      <types1:DisplayName>Lookup Invoice and Customer Details</types1:DisplayName>
   </types1:Item>
   <types1:CurrentServerDateTime>2018-10-19T00:14:20.437Z</types1:CurrentServerDateTime>
</aetgt:getResponse>
