objectPath,objectName,objectType,id
/Explore/Order Initiation/Connections,Get Inventory Detail,AI_SERVICE_CONNECTOR,9nbHuojILuoiCWczaTkHqD
/Explore/Order Initiation/Connections,Get-Margin-Detail,AI_CONNECTION,2ATjjum3hlcc5nXzQAPkUT
/Explore/Shared Services,Connections,Folder,2fJJXFUQ5lXdJp1H4eBqim
/Explore,Shared Services,Project,4lxYAQ7ZFIefzStL5MnpEl
/Explore/Order Initiation/Connections,Get Margin Detail,AI_SERVICE_CONNECTOR,jMzCnkJcMatf1TRkWfldi0
/Explore/Shared Services,Send Email,PROCESS,37PdFGsPpsygSac5tYVu45
/Explore,Order Initiation,Project,22gHGdo8Wz2ktK4i0jJmkk
/Explore/Order Initiation,Connections,Folder,dWnlH3nPFMEi1CPvArhBMi
/Explore/Order Initiation,Initiate Order,PROCESS,8JBu66BUJLTj7odyiOU7uk
/Explore/Order Initiation/Connections,Get-Inventory-Detail,AI_CONNECTION,a8kXHGUl9jPkXlDmRV9VoI
/Explore/Shared Services/Connections,Email-Service,AI_CONNECTION,8L33JO0JDPSj3NSucTMb2r