{
  "name" : "Order Initiation-1539907988944",
  "sourceOrgId" : "15bbbYLtRcObRhlx9wUa0X",
  "sourceOrgName" : "Google Inc",
  "exportedObjects" : [ {
    "objectGuid" : "9nbHuojILuoiCWczaTkHqD",
    "objectName" : "Get Inventory Detail",
    "objectType" : "AI_SERVICE_CONNECTOR",
    "path" : "/Explore/Order Initiation/Connections",
    "metadata" : {
      "modelVersion" : {
        "major" : 1,
        "minor" : 0
      },
      "repoInfo" : {
        "repoHandle" : "JCT53nQciSrZMSP-gt-81466-2018-08-09T19:53:20.578Z::svc.xml"
      },
      "objectRefs" : [ ],
      "contextAttributes" : null,
      "additionalInfo" : {
        "description" : "Connector to interact with InventoryService",
        "contentType" : "Binary",
        "documentState" : "VALID"
      }
    }
  }, {
    "objectGuid" : "2ATjjum3hlcc5nXzQAPkUT",
    "objectName" : "Get-Margin-Detail",
    "objectType" : "AI_CONNECTION",
    "path" : "/Explore/Order Initiation/Connections",
    "metadata" : {
      "modelVersion" : {
        "major" : 1,
        "minor" : 0
      },
      "repoInfo" : {
        "repoHandle" : "cjAXhNUdyOoMdtl-gt-25207-2018-08-09T19:53:21.039Z::conn.xml"
      },
      "objectRefs" : [ ],
      "contextAttributes" : null,
      "additionalInfo" : {
        "description" : "",
        "contentType" : "application/json; charset=utf-8",
        "documentState" : "VALID"
      }
    }
  }, {
    "objectGuid" : "2fJJXFUQ5lXdJp1H4eBqim",
    "objectName" : "Connections",
    "objectType" : "Folder",
    "path" : "/Explore/Shared Services",
    "metadata" : {
      "modelVersion" : {
        "major" : 0,
        "minor" : 0
      },
      "repoInfo" : null,
      "objectRefs" : [ ],
      "contextAttributes" : [ ],
      "additionalInfo" : {
        "description" : "",
        "contentType" : "Binary",
        "documentState" : "COMPLETE"
      }
    }
  }, {
    "objectGuid" : "4lxYAQ7ZFIefzStL5MnpEl",
    "objectName" : "Shared Services",
    "objectType" : "Project",
    "path" : "/Explore",
    "metadata" : {
      "modelVersion" : {
        "major" : 0,
        "minor" : 0
      },
      "repoInfo" : null,
      "objectRefs" : [ ],
      "contextAttributes" : [ ],
      "additionalInfo" : {
        "description" : "Shared services",
        "contentType" : "Binary",
        "documentState" : "COMPLETE"
      }
    }
  }, {
    "objectGuid" : "jMzCnkJcMatf1TRkWfldi0",
    "objectName" : "Get Margin Detail",
    "objectType" : "AI_SERVICE_CONNECTOR",
    "path" : "/Explore/Order Initiation/Connections",
    "metadata" : {
      "modelVersion" : {
        "major" : 1,
        "minor" : 0
      },
      "repoInfo" : {
        "repoHandle" : "INDINciZBpDUQbg-gt-87705-2018-08-09T19:53:20.553Z::svc.xml"
      },
      "objectRefs" : [ ],
      "contextAttributes" : null,
      "additionalInfo" : {
        "description" : "",
        "contentType" : "application/json; charset=utf-8",
        "documentState" : "VALID"
      }
    }
  }, {
    "objectGuid" : "37PdFGsPpsygSac5tYVu45",
    "objectName" : "Send Email",
    "objectType" : "PROCESS",
    "path" : "/Explore/Shared Services",
    "metadata" : {
      "modelVersion" : {
        "major" : 1,
        "minor" : 0
      },
      "repoInfo" : {
        "repoHandle" : "tGUkdypKwKBqRi9-gt-82688-2018-08-09T19:53:21.308Z::pd.xml"
      },
      "objectRefs" : [ "8L33JO0JDPSj3NSucTMb2r" ],
      "contextAttributes" : null,
      "additionalInfo" : {
        "description" : "",
        "contentType" : "application/json; charset=utf-8",
        "documentState" : "VALID"
      }
    }
  }, {
    "objectGuid" : "22gHGdo8Wz2ktK4i0jJmkk",
    "objectName" : "Order Initiation",
    "objectType" : "Project",
    "path" : "/Explore",
    "metadata" : {
      "modelVersion" : {
        "major" : 0,
        "minor" : 0
      },
      "repoInfo" : null,
      "objectRefs" : [ ],
      "contextAttributes" : [ ],
      "additionalInfo" : {
        "description" : "Order initiation services",
        "contentType" : "Binary",
        "documentState" : "COMPLETE"
      }
    }
  }, {
    "objectGuid" : "dWnlH3nPFMEi1CPvArhBMi",
    "objectName" : "Connections",
    "objectType" : "Folder",
    "path" : "/Explore/Order Initiation",
    "metadata" : {
      "modelVersion" : {
        "major" : 0,
        "minor" : 0
      },
      "repoInfo" : null,
      "objectRefs" : [ ],
      "contextAttributes" : [ ],
      "additionalInfo" : {
        "description" : "",
        "contentType" : "Binary",
        "documentState" : "COMPLETE"
      }
    }
  }, {
    "objectGuid" : "8JBu66BUJLTj7odyiOU7uk",
    "objectName" : "Initiate Order",
    "objectType" : "PROCESS",
    "path" : "/Explore/Order Initiation",
    "metadata" : {
      "modelVersion" : {
        "major" : 1,
        "minor" : 0
      },
      "repoInfo" : {
        "repoHandle" : "YwDxomUhGdwOLIF-gt-87737-2018-08-09T19:53:21.808Z::pd.xml"
      },
      "objectRefs" : [ "2ATjjum3hlcc5nXzQAPkUT", "37PdFGsPpsygSac5tYVu45", "a8kXHGUl9jPkXlDmRV9VoI" ],
      "contextAttributes" : null,
      "additionalInfo" : {
        "description" : "Initiates orders taking as input CustomerName, CustomerEmail, ItemName, and ItemCount",
        "contentType" : "application/json; charset=utf-8",
        "documentState" : "VALID"
      }
    }
  }, {
    "objectGuid" : "a8kXHGUl9jPkXlDmRV9VoI",
    "objectName" : "Get-Inventory-Detail",
    "objectType" : "AI_CONNECTION",
    "path" : "/Explore/Order Initiation/Connections",
    "metadata" : {
      "modelVersion" : {
        "major" : 1,
        "minor" : 0
      },
      "repoInfo" : {
        "repoHandle" : "q0mdz9Iqy3eHRi9-gt-82678-2018-08-09T19:53:21.264Z::conn.xml"
      },
      "objectRefs" : [ "9nbHuojILuoiCWczaTkHqD" ],
      "contextAttributes" : null,
      "additionalInfo" : {
        "description" : "",
        "contentType" : "application/json; charset=utf-8",
        "documentState" : "VALID"
      }
    }
  }, {
    "objectGuid" : "8L33JO0JDPSj3NSucTMb2r",
    "objectName" : "Email-Service",
    "objectType" : "AI_CONNECTION",
    "path" : "/Explore/Shared Services/Connections",
    "metadata" : {
      "modelVersion" : {
        "major" : 1,
        "minor" : 0
      },
      "repoInfo" : {
        "repoHandle" : "Ky2uI5CUP9WYVMP-gt-87713-2018-08-09T19:53:20.586Z::conn.xml"
      },
      "objectRefs" : [ ],
      "contextAttributes" : null,
      "additionalInfo" : {
        "description" : "User: testuser2\nPwd: password2#",
        "contentType" : "application/json; charset=utf-8",
        "documentState" : "VALID"
      }
    }
  } ]
}